2717106000000,-0.5055555555555555,-0.09746716677956155,0.003204639012015583,6.983641624450684,2.9984803,2.9968095,4.9689174
2717362000000,-0.5055555555555555,-0.09727525544221373,0.002898501584031058,6.983663082122803,2.9984937,2.996798,4.9686804
2717382000000,-0.5055555555555555,-0.09727525544221373,0.002897842472161662,6.983667373657227,2.9984941,2.9968002,4.96868
2717422000000,-0.5111111111111111,-0.09851862271271411,0.0035572616559756023,6.983665943145752,2.9984627,2.9968438,4.969429
2717486000000,-0.5166666666666667,-0.10617105769216661,0.005394543909110958,6.983645439147949,2.9982383,2.9975467,4.971136
2717520000000,-0.5055555555555555,-0.10762288753180198,0.016396780353955125,6.983612060546875,2.9978971,2.9973855,4.9743333
2717586000000,-0.49444444444444446,-0.12222741709411795,0.034702247259355626,6.983614444732666,2.9966712,2.9979658,4.976989
2717619000000,-0.5,-0.12222741709411795,0.0458178079237025,6.983614444732666,2.995769,2.9974093,4.9793215
2717683000000,-0.5,-0.13247962928716248,0.0584774372458785,6.983614921569824,2.9937575,2.9975955,4.978953
2717717000000,-0.49444444444444446,-0.13516699855874365,0.08724576855744391,6.983612060546875,2.9886277,2.9969792,4.9803047
2717754000000,-0.4888888888888889,-0.14068231874841186,0.10174170920719385,6.983609676361084,2.9861748,2.9975705,4.9781303
2717791000000,-0.49444444444444446,-0.14188664444393595,0.1170863440893292,6.983606338500977,2.9796546,2.9976144,4.976553
2717820000000,-0.4666666666666667,-0.170142426231181,0.13224238339647562,6.983601093292236,2.979392,2.999333,4.9401007
2717888000000,-0.4722222222222222,-0.17766946298932645,0.14807037179561494,6.9835920333862305,2.963673,2.9993782,4.9056697
2717918000000,-0.4666666666666667,-0.1826518726215506,0.1805717873469342,6.98356819152832,2.9400787,2.9987535,4.8204074
2717952000000,-0.4777777777777778,-0.17766946298932645,0.19676168203393776,6.983551502227783,2.9177992,2.9984298,4.822955
2717965000000,-0.4722222222222222,-0.1773368951459004,0.21247073945119227,6.983534336090088,2.9213796,2.9969635,4.7805247
2718021000000,-0.4722222222222222,-0.18888262418389118,0.22864431720978357,6.983513355255127,2.8642747,2.9952474,4.5590672
2718058000000,-0.4888888888888889,-0.17551794081518624,0.24566503120808098,6.983489036560059,2.8459668,2.9950504,4.689189
2718128000000,-0.48333333333333334,-0.1885321884131879,0.2771047525907095,6.9834489822387695,2.810276,2.9840286,4.262546
2718158000000,-0.48333333333333334,-0.18818301253792433,0.30830475443782795,6.983396530151367,2.8364437,2.9703636,4.1667433
2718196000000,-0.48333333333333334,-0.19161110989755076,0.30830475443782795,6.983396530151367,2.8364944,2.9474254,3.910475
2718230000000,-0.48333333333333334,-0.1950277852650141,0.3250503398656182,6.983362674713135,2.8388195,2.9019148,3.5600333
2718260000000,-0.48333333333333334,-0.19883416934907655,0.34017833409657516,6.983327865600586,2.835973,2.8296223,3.073661
2718332000000,-0.48333333333333334,-0.2037086579703405,0.3708789009123343,6.983248710632324,2.8497193,2.4736912,1.9592295
2718362000000,-0.4777777777777778,-0.20669967950098267,0.4029525889659234,6.983156204223633,2.9088464,1.1298597,0.5486617
2718429000000,-0.4777777777777778,-0.20819713616812913,0.41787470080701866,6.983112335205078,2.9093847,0.39655304,-0.10259433
2718467000000,-0.4777777777777778,-0.20893512003941117,0.43281060763734336,6.983069896697998,2.9086301,-0.36462426,-0.72564197
2718527000000,-0.48333333333333334,-0.2093159284220085,0.4589431577661615,6.983002662658691,2.869728,-1.2022073,-1.6899016
2718557000000,-0.4888888888888889,-0.2104333806693341,0.47891802197093125,6.982943058013916,2.7903936,-1.7562265,-2.646196
2718627000000,-0.48333333333333334,-0.20969807681846409,0.48561900854423884,6.982922554016113,2.7920573,-2.274072,-3.229983
2718812000000,-0.5055555555555555,-0.20817749630020424,0.4841525323590026,6.982948303222656,2.3921983,-2.635297,-3.848071
2718834000000,-0.49444444444444446,-0.1958563475577061,0.47869296454986277,6.982974529266357,2.542954,-2.8429735,-3.86634
2718899000000,-0.49444444444444446,-0.18520421343787646,0.47182481141629945,6.983004093170166,2.5955467,-2.8898382,-3.698032
2718929000000,-0.49444444444444446,-0.18257712514009086,0.45659212279257727,6.9830708503723145,2.4845695,-2.9223514,-3.6910355
2718989000000,-0.5,-0.18520421343787646,0.4382268935342897,6.983158588409424,2.2897062,-2.9282436,-3.7525358
2719029000000,-0.5,-0.18062110023471514,0.4274558855169673,6.983207702636719,2.2620885,-2.9391613,-3.6633933
2719098000000,-0.4888888888888889,-0.16473866633728515,0.4153161973028911,6.98324728012085,2.3891137,-2.962109,-3.2936823
2719125000000,-0.48333333333333334,-0.15919129736310128,0.4036907619574505,6.983288764953613,2.3996732,-2.9686677,-3.214696
2719157000000,-0.4888888888888889,-0.16473866633728515,0.37840396752042915,6.983378887176514,2.2413044,-2.9684353,-3.4897509
2719225000000,-0.4777777777777778,-0.1509456102348799,0.3499984676811445,6.983482837677002,2.3445318,-2.978652,-3.4711611
2719271000000,-0.4722222222222222,-0.1488620035654503,0.33672358397519,6.9835205078125,2.3977833,-2.9813495,-3.6567478
2719333000000,-0.4666666666666667,-0.14199823590107757,0.32295281887866656,6.98356294631958,2.473299,-2.9844933,-3.7733026
2719367000000,-0.4666666666666667,-0.1396077757712855,0.29583641305518493,6.983636379241943,2.5254955,-2.9873886,-3.9739242
2719433000000,-0.46111111111111114,-0.13507340553201902,0.2679067171213918,6.983705520629883,2.648065,-2.9905467,-4.2343044
2719495000000,-0.45,-0.12833567483927086,0.254513971073777,6.983734130859375,2.7482038,-2.9921274,-4.427651
2719525000000,-0.45,-0.12469397854938696,0.24034934679113393,6.983755588531494,2.7759602,-2.9930038,-4.4646697
2719564000000,-0.4444444444444444,-0.12151463799871796,0.21458362791690508,6.983777046203613,2.8263693,-2.9942112,-4.576856
2719600000000,-0.4388888888888889,-0.11807288939874544,0.20218763708639498,6.983781814575195,2.8425791,-2.9945369,-4.62111
2719631000000,-0.43333333333333335,-0.11337748579701873,0.1894388290617953,6.983782768249512,2.8488002,-2.9946547,-4.646962
2719670000000,-0.43333333333333335,-0.10988926096543582,0.17635719107225895,6.983773708343506,2.8575935,-2.9948447,-4.6559343
2719732000000,-0.4222222222222222,-0.10285066223380994,0.16465271364846054,6.983757495880127,2.8273988,-2.9942977,-4.6676936
2719772000000,-0.4222222222222222,-0.09930035343620397,0.14096058541406165,6.983716011047363,2.8319638,-2.9945183,-4.691405
2719806000000,-0.4166666666666667,-0.09553930907006594,0.128795589615425,6.983687877655029,2.7947226,-2.9941516,-4.699704
2719834000000,-0.4111111111111111,-0.0906945496201039,0.11579866798576993,6.983651638031006,2.7274597,-2.993611,-4.7031074
2719860000000,-0.40555555555555556,-0.08708459642109384,0.10426315001624342,6.983619689941406,2.6282182,-2.9929059,-4.7040844
2719930000000,-0.4,-0.07964359793672662,0.09273035266065704,6.983581066131592,2.43291,-2.9915202,-4.6891294
2719966000000,-0.39444444444444443,-0.07597979223104355,0.07043267424498728,6.983497619628906,2.176361,-2.988962,-4.684534
2719991000000,-0.3888888888888889,-0.0722959679735112,0.05899120943122083,6.983454704284668,1.9055808,-2.9844437,-4.6595306
2720024000000,-0.38333333333333336,-0.06859220936314298,0.04680296790898471,6.983407020568848,1.6166013,-2.975849,-4.628294
2720069000000,-0.37777777777777777,-0.06486860691011316,0.036172047704180046,6.98336935043335,1.3233945,-2.9604473,-4.594482
2720229000000,-0.38333333333333336,-0.05971080775827902,-0.01869246878815362,6.983362197875977,1.5570674,-2.9416304,-4.620586
2720267000000,-0.35,-0.04455612086413383,-0.030671832781271308,6.983402252197266,-0.5952332,-2.430452,-4.5151086
2720334000000,-0.3388888888888889,-0.036712555241765206,-0.042359062274809865,6.983445167541504,-1.4515405,-1.8453598,-4.519579
2720374000000,-0.3333333333333333,-0.03409543360956269,-0.06343608664970164,6.983537197113037,-1.9056276,-1.3905451,-4.5383415
2720405000000,-0.3277777777777778,-0.03278643454451498,-0.07200007563646224,6.983593940734863,-2.1788187,-0.9725273,-4.549529
2720430000000,-0.32222222222222224,-0.02891735780555346,-0.08019956392359685,6.983663558959961,-2.390427,-0.51641536,-4.5502467
2720476000000,-0.31666666666666665,-0.04194298611880103,-0.0869511271036286,6.983747482299805,-2.5112371,-0.30177224,-4.571567
2720510000000,-0.31666666666666665,-0.03794260941823211,-0.09221549135092856,6.983852863311768,-2.5322769,-0.13259897,-4.5560484
2720564000000,-0.3055555555555556,-0.0298602356089464,-0.09768377091745982,6.984128952026367,-2.7068028,0.6755685,-4.5228844
2720601000000,-0.3055555555555556,-0.025970065101375735,-0.09710863847269481,6.984469413757324,-2.6996894,0.98955667,-4.4846473
2720672000000,-0.29444444444444445,-0.020737908825915162,-0.09445797328395202,6.984652042388916,-2.792634,1.3995156,-4.457738
2720714000000,-0.28888888888888886,-0.015555838649377386,-0.0893556987768063,6.984841823577881,-2.8209121,1.606248,-4.4329643
2720735000000,-0.2833333333333333,-0.009056987297681158,-0.08295412634585668,6.985006809234619,-2.8403847,1.7654986,-4.4111366
2720808000000,-0.2833333333333333,0.0038896854408157033,-0.06599196052417274,6.985334396362305,-2.83283,1.9069247,-4.306844
2720842000000,-0.2833333333333333,0.007747525478522416,-0.04273427389482607,6.985633373260498,-2.8267999,1.9228102,-4.1359315
2720901000000,-0.26666666666666666,0.011644184955627503,-0.030372986410481497,6.985753059387207,-2.8602273,2.1155427,-4.0967693
2720943000000,-0.26666666666666666,0.015524233636626326,-0.016401498746380635,6.985852241516113,-2.841791,2.121703,-3.8816643
2720975000000,-0.2611111111111111,0.019363796149294406,0.0134442150338521,6.9860100746154785,-2.790825,2.1255891,-3.2925563
2721035000000,-0.25555555555555554,0.0257080277536024,0.046215691605831145,6.986103534698486,-2.6467576,2.1122115,-2.043667
2721113000000,-0.25,0.029499543077523387,0.061746569162355956,6.9861159324646,-2.5493476,2.1285477,-1.216816
2721141000000,-0.24444444444444444,0.033273720731185896,0.07722733939838519,6.986112117767334,-2.4288087,2.122717,-0.2261682
2721179000000,-0.24444444444444444,0.035900110004091185,0.10623665345093657,6.986064434051514,-2.0158494,1.9332485,1.4186746
2721213000000,-0.2388888888888889,0.035900110004091185,0.12072171803533144,6.9860100746154785,-1.8515072,1.8572195,2.1682677
2721247000000,-0.2388888888888889,0.035900110004091185,0.13297253242965523,6.985954761505127,-1.6161258,1.7880843,2.6206393
2721271000000,-0.23333333333333334,0.0334079138216222,0.1438153168442264,6.9858784675598145,-1.5394553,1.7047646,3.0148027
2721347000000,-0.23333333333333334,0.030967184395342427,0.1531595889692008,6.985795497894287,-1.3756526,1.6487056,3.2109947
2721384000000,-0.22777777777777777,0.02844778771009623,0.17084461834591466,6.985575199127197,-1.1966677,1.5307844,3.6537468
2721410000000,-0.2222222222222222,0.027211552648423915,0.1787789397747861,6.985459804534912,-1.2221876,1.4504979,3.8434765
2721443000000,-0.2222222222222222,0.023423281248411202,0.1865743180432005,6.985327243804932,-1.1473581,1.3875035,3.8747346
2721482000000,-0.21666666666666667,0.022123066001855485,0.1931750679851048,6.985198974609375,-1.2153983,1.3057699,4.005785
2721643000000,-0.2111111111111111,0.01964252284284511,0.22328328196228472,6.984471321105957,-1.0401564,1.0895052,4.2696457
2721648000000,-0.2111111111111111,0.017024864254215937,0.22328328196228472,6.984471321105957,-0.9905727,1.0285277,4.275981
2721680000000,-0.2,0.009187688680800617,0.2293760949066077,6.984332084655762,-1.4008385,0.8923304,4.2807703
2721723000000,-0.2,0.007859104094936242,0.23535031679096827,6.984186172485352,-1.3411973,0.8245248,4.31229
2721749000000,-0.2,0.007875306781867803,0.23971371483261525,6.984053134918213,-1.262763,0.7865242,4.3531995
2721812000000,-0.18333333333333332,0.003937804040825673,0.24340164816923893,6.983917236328125,-1.8203627,0.88726866,4.344267
2721848000000,-0.18333333333333332,0.0,0.24925029215602357,6.983652591705322,-1.7087202,0.85003805,4.3766937
2721887000000,-0.17777777777777778,-0.005228792254391124,0.25174785642359915,6.9835381507873535,-1.8556864,0.9754541,4.317485
2721920000000,-0.17777777777777778,-0.007842967938693827,0.2536979496772592,6.983438014984131,-1.7947068,1.0035025,4.3181977
2721953000000,-0.17777777777777778,-0.01041411836475245,0.2553865997422731,6.98333740234375,-1.7155305,1.0592954,4.320889
2721989000000,-0.17222222222222222,-0.01299043697674907,0.2572149701170442,6.983231544494629,-1.8074359,1.2551534,4.294625
2722033000000,-0.16666666666666666,-0.01688595121426491,0.26045562898585095,6.983066558837891,-1.763247,1.5495715,4.2874966
2722093000000,-0.16666666666666666,-0.024522905474613152,0.2643253392375427,6.982926368713379,-1.4088429,1.7873622,4.268258
2722159000000,-0.16111111111111112,-0.028332766810668708,0.26704695451358146,6.982867240905762,-1.3699391,2.014255,4.226046
2722198000000,-0.16111111111111112,-0.03219013786490245,0.27021636656933057,6.982812404632568,-1.0930473,2.120205,4.229095
2722229000000,-0.15555555555555556,-0.03476042247622312,0.2783553670403028,6.9827189445495605,-0.7584796,2.2954865,4.3011026
2722274000000,-0.15,-0.03597248135636132,0.2832142206785243,6.982686519622803,-0.73377836,2.396077,4.319634
2722300000000,-0.15,-0.037179393481126984,0.2887515077163511,6.982660293579102,-0.46922952,2.4062452,4.3802505
2722324000000,-0.15,-0.04220857194157317,0.29542984246446025,6.98262357711792,-0.12490028,2.4493794,4.3797393
2722397000000,-0.14444444444444443,-0.04721231510436689,0.30210654530476116,6.982595443725586,-0.120818965,2.5416617,4.329115
2722432000000,-0.1388888888888889,-0.04858063424421791,0.31743045795206537,6.982531547546387,-0.19258648,2.5620208,4.41205
2722469000000,-0.1388888888888889,-0.052294531217044,0.3260257260228911,6.982513427734375,-0.03700854,2.5594814,4.4178896
2722503000000,-0.1388888888888889,-0.053564067534362735,0.3357175936870354,6.982499599456787,0.015984116,2.5311294,4.4622164
2722541000000,-0.13333333333333333,-0.05725572520833645,0.34489785611571927,6.982477188110352,-0.30141494,2.5926976,4.415373
2722606000000,-0.12777777777777777,-0.06471141684605629,0.3544946367809846,6.982461929321289,-0.5468598,2.6714995,4.275966
2722645000000,-0.12777777777777777,-0.06709744440136266,0.3743500467185383,6.982423782348633,-0.65773284,2.6224072,4.3398232
2722675000000,-0.12222222222222222,-0.06947208666983849,0.3854693710312283,6.982416152954102,-1.119507,2.6622248,4.2845397
2722706000000,-0.11666666666666667,-0.07308467886693377,0.39600109459100796,6.982405662536621,-1.4820857,2.702437,4.1802874
2722745000000,-0.11666666666666667,-0.07792284448708228,0.40674731562811467,6.982402324676514,-1.439593,2.690585,4.1089416
2722782000000,-0.11666666666666667,-0.08025269970637541,0.4172296916120942,6.982399940490723,-1.4606378,2.6712754,4.0994434
2722936000000,-0.11666666666666667,-0.08471325004946474,0.4747944243094072,6.982428073883057,-1.6408156,2.6017222,4.218926
2722980000000,-0.10555555555555556,-0.09867399056133605,0.48728015714586437,6.982438564300537,-2.0106382,2.6630898,3.7177715
2723042000000,-0.1,-0.1055385662224424,0.5121466868756887,6.982480525970459,-2.169482,2.665074,3.5318136
2723081000000,-0.1,-0.10894176767001496,0.5352375644509082,6.982522010803223,-2.125883,2.6501236,3.536384
2723151000000,-0.09444444444444444,-0.11449829409740034,0.5470274271379272,6.982551097869873,-2.1984768,2.6434946,3.317461
2723179000000,-0.09444444444444444,-0.11665998280925767,0.5596517153780335,6.982574462890625,-2.127459,2.6315238,3.2880783
2723210000000,-0.08333333333333333,-0.12943564150947995,0.5711667989209565,6.982604026794434,-2.217959,2.5773196,2.4177632
2723275000000,-0.08888888888888889,-0.1291935110772859,0.5950672037552751,6.982656955718994,-1.8824497,2.5518732,2.5752437
2723310000000,-0.08888888888888889,-0.13012429379384022,0.6199224903740025,6.9827117919921875,-1.5154095,2.5268922,2.4939396
2723388000000,-0.08333333333333333,-0.13455275692350108,0.633403883579723,6.9827375411987305,-1.4673333,2.4592218,2.048764
2723413000000,-0.07222222222222222,-0.14759355257095577,0.6454856226798716,6.9827656745910645,-1.5824139,2.3003008,0.44209445
2723445000000,-0.07777777777777778,-0.14732080202422979,0.6700619307153396,6.982812404632568,-0.9810989,2.3228993,0.09345747
2723510000000,-0.07222222222222222,-0.14759355257095577,0.6969205413409224,6.982868671417236,-0.85455656,2.2885432,-0.44539493
2723583000000,-0.07222222222222222,-0.14670739844101222,0.7099969358492613,6.982891082763672,-0.6501888,2.3012865,-0.7254178
2723612000000,-0.07222222222222222,-0.14814203967293132,0.7233867133648489,6.982917785644531,-0.42700094,2.3086445,-1.3200269
2723655000000,-0.07222222222222222,-0.14814203967293132,0.7498784949885348,6.982954978942871,0.03428398,2.3308506,-2.198494
2723725000000,-0.07777777777777778,-0.13581509362048522,0.7772923742817652,6.982985019683838,0.9436213,2.42105,-2.3687127
2723756000000,-0.06666666666666667,-0.146635434018587,0.791091057693134,6.9829936027526855,0.41702157,2.2641273,-3.087722
2723820000000,-0.07777777777777778,-0.12828377732171217,0.8045728991039203,6.982999324798584,1.4126717,2.4167848,-2.8436089
2723861000000,-0.07777777777777778,-0.1270943801864375,0.8336803031968006,6.982988357543945,1.7920504,2.4082084,-3.4716907
2723928000000,-0.07777777777777778,-0.12182801398159866,0.8611865649444962,6.9829630851745605,2.0168982,2.3990016,-3.796996
2723954000000,-0.07222222222222222,-0.11965344146078094,0.8761611318421136,6.982944011688232,1.8910443,2.2807243,-3.8201685
2724021000000,-0.07222222222222222,-0.1317149529927036,0.8899898139721244,6.982923984527588,1.925026,2.2804403,-4.1318655
2724060000000,-0.06666666666666667,-0.1317149529927036,0.9183786055996196,6.982869625091553,1.7445245,2.1090956,-4.256797
2724091000000,-0.06666666666666667,-0.12347822817720334,0.9326682316663879,6.98284387588501,1.7310236,2.102851,-4.2557697
2724114000000,-0.07222222222222222,-0.12005815075064735,0.9476933322681391,6.982819557189941,1.93112,2.2840753,-4.3769927
2724157000000,-0.07222222222222222,-0.11516642724971654,0.9614743345728687,6.9827961921691895,1.8999656,2.2981906,-4.4001737
2724219000000,-0.06666666666666667,-0.11047617987002904,0.9757121243645133,6.9827656745910645,1.6498797,2.1281536,-4.3689623
2724253000000,-0.06666666666666667,-0.10575499067720828,1.0035941069244214,6.982722282409668,1.6558356,2.1265593,-4.4262466
2724296000000,-0.06666666666666667,-0.10575499067720828,1.018461255860717,6.982702255249023,1.659149,2.1252942,-4.4683676
2724455000000,-0.06666666666666667,-0.09851862271271411,1.0861612855979736,6.982632160186768,1.5661665,1.8352437,-4.529217
2724493000000,-0.06111111111111111,-0.08513842122507718,1.100013731452857,6.982638835906982,1.2686357,1.3016528,-4.4665275
2724527000000,-0.06111111111111111,-0.08262584984458449,1.1124785004030622,6.982649326324463,1.1029205,1.0416979,-4.4769707
2724566000000,-0.06111111111111111,-0.08027017437828145,1.125557209566782,6.982645511627197,0.9091834,0.739425,-4.4887147
2724595000000,-0.06111111111111111,-0.07663808397501934,1.1380795995723483,6.982654094696045,0.6787838,0.35902652,-4.493067
2724655000000,-0.06111111111111111,-0.06817800630345563,1.1624344055947606,6.982678413391113,0.18740565,-0.4682961,-4.4973617
2724686000000,-0.05555555555555555,-0.06562379015300558,1.1721901972801767,6.98272180557251,-0.22420675,-0.68159455,-4.51923
2724731000000,-0.05555555555555555,-0.06203860928507336,1.1808094217176013,6.982772350311279,-0.39301562,-0.93276376,-4.516225
2724759000000,-0.05555555555555555,-0.058301543351293755,1.188168376769569,6.982819080352783,-0.5184494,-1.1231902,-4.511046
2724796000000,-0.05555555555555555,-0.05325256402525645,1.1941248472930317,6.982892036437988,-0.64179623,-1.2901793,-4.5001273
2724860000000,-0.05,-0.045674431507250625,1.1987378615242825,6.982985973358154,-1.2465858,-1.4928061,-4.516854
2724887000000,-0.05555555555555555,-0.04063588224512892,1.2026254133213465,6.983201026916504,-0.7104653,-1.357099,-4.4699326
2724922000000,-0.05555555555555555,-0.03794260941823211,1.2024053151485963,6.983326435089111,-0.6394999,-1.2764583,-4.463478
2724958000000,-0.05,-0.03409543360956269,1.2009815518574058,6.983475208282471,-1.0850332,-1.2799988,-4.5061736
2724986000000,-0.05555555555555555,-0.03154208712228189,1.198471424959507,6.983640193939209,-0.51026875,-1.0533504,-4.4223804
2725025000000,-0.05,-0.027604618547771843,1.1955123410294481,6.983796119689941,-0.985801,-1.0435504,-4.4512177
2725089000000,-0.05,-0.01976444795193165,1.1881599530802325,6.984135627746582,-1.0507871,-0.8492619,-4.3107743
2725125000000,-0.044444444444444446,-0.015846181506605224,1.1839911503192835,6.9843058586120605,-1.5478871,-0.95096236,-4.2781763
2725152000000,-0.05,-0.013205984546764506,1.1793247851126338,6.98449182510376,-1.1258171,-0.70732725,-4.1196914
2725193000000,-0.044444444444444446,-0.010565333177072173,1.1749854297110485,6.984658241271973,-1.5576081,-0.8296695,-4.070888
2725245000000,-0.03888888888888889,-0.003970550006266964,1.1706949178757635,6.98482084274292,-2.012885,-1.0761489,-3.8952708
2725266000000,-0.044444444444444446,-0.0026470524056804836,1.1623340342084132,6.985126495361328,-1.5570495,-0.81420565,-3.7603426
2725315000000,-0.044444444444444446,-0.0026415606588111964,1.157784034019036,6.9852752685546875,-1.4347808,-0.79003984,-3.7354417
2725344000000,-0.03888888888888889,0.0013235319234097018,1.1537085519163692,6.9854021072387695,-1.7599621,-0.95636857,-3.5672994
2725373000000,-0.03888888888888889,0.0052830303605318815,1.149470346888777,6.985523700714111,-1.7227774,-0.996001,-3.454647
2725412000000,-0.03888888888888889,0.007907913400396498,1.145392242881666,6.985631942749023,-1.6295497,-1.0186728,-3.3870304
2725481000000,-0.03333333333333333,0.014466140806431977,1.1411233888571404,6.9857306480407715,-1.8474416,-1.0838851,-3.1055715
2725513000000,-0.03888888888888889,0.01833377106197642,1.131910157159155,6.985905647277832,-1.2455251,-1.052293,-3.1908822
2725542000000,-0.03333333333333333,0.020908118767974947,1.1272485411792847,6.985971927642822,-1.4088057,-1.0493637,-2.9612136
2725582000000,-0.03333333333333333,0.023519388096029874,1.1222003898131636,6.986028671264648,-1.2497938,-1.0150905,-2.9143424
2725743000000,-0.03333333333333333,0.026129865902696912,1.0948858178349763,6.9861578941345215,-0.045224473,-0.7257267,-2.895277
2725779000000,-0.03333333333333333,0.0376335978742391,1.08920279884801,6.986152648925781,-0.21900508,-0.54773045,-2.5873442
2725819000000,-0.03333333333333333,0.038928129386493995,1.0833840417456864,6.986135482788086,-0.05693543,-0.49205714,-2.5124316
2725850000000,-0.03333333333333333,0.044102927296883206,1.0773629335317225,6.98611307144165,-0.020330386,-0.39908597,-2.2966177
2725890000000,-0.027777777777777776,0.047980236083814194,1.067230431767262,6.986049175262451,-0.13965276,-0.37670976,-1.6179394
2725956000000,-0.027777777777777776,0.05185398190487768,1.0583359087683049,6.985955715179443,0.03641825,-0.3342064,-1.3514459
2726024000000,-0.027777777777777776,0.05689744958060838,1.054060813327818,6.98588752746582,0.014036255,-0.283392,-1.1101317
2726057000000,-0.027777777777777776,0.06087728792779485,1.0504420649342627,6.98582124710083,0.016690142,-0.24810651,-0.9228436
2726123000000,-0.027777777777777776,0.06203860928507336,1.0438628021187324,6.985690593719482,0.17030555,-0.26309344,-0.7865706
2726154000000,-0.027777777777777776,0.06460619043835879,1.0379115914728259,6.985534191131592,0.25445345,-0.2608611,-0.612135
2726214000000,-0.027777777777777776,0.06703614451334106,1.0354378521291456,6.985450267791748,0.25500816,-0.24654397,-0.49892056
2726254000000,-0.022222222222222223,0.06959434015927254,1.0329966627662295,6.985363483428955,0.14703894,-0.10425204,0.03083093
2726288000000,-0.027777777777777776,0.06831551918186421,1.0284431051130873,6.985208034515381,0.34955004,-0.2558437,-0.34661835
2726357000000,-0.022222222222222223,0.07200517800476594,1.0244619558638932,6.985056400299072,0.221294,-0.07806765,0.22159365
2726417000000,-0.022222222222222223,0.07200517800476594,1.0225309963495408,6.9849724769592285,0.23818816,-0.07347525,0.2484303
2726454000000,-0.022222222222222223,0.07200517800476594,1.0206795067372663,6.984885215759277,0.24931191,-0.06770758,0.27383325
2726485000000,-0.022222222222222223,0.07440419573555204,1.0191649870714616,6.9848151206970215,0.17953092,-0.03812833,0.3625918
2726554000000,-0.022222222222222223,0.07455374230841032,1.0163137280996437,6.98466682434082,0.14756659,-0.016672362,0.4036764
2726578000000,-0.022222222222222223,0.07455374230841032,1.0138891325308164,6.984521865844727,0.11688569,0.0009862371,0.4334775
2726652000000,-0.022222222222222223,0.07552362987875591,1.0129232623684592,6.984456539154053,0.07347305,0.017445683,0.47230488
2726681000000,-0.016666666666666666,0.07679141243360764,1.0120265116895233,6.984410285949707,-0.02844831,0.19939117,0.8884119
2726719000000,-0.016666666666666666,0.07567507705594209,1.0104944445122153,6.984318733215332,-0.019683331,0.20293,0.87093365
2726789000000,-0.022222222222222223,0.0742552451916762,1.0096579448148477,6.984221935272217,0.022201981,0.03433014,0.4717815
2726823000000,-0.016666666666666666,0.07552362987875591,1.0094987761021075,6.984179496765137,-0.077333614,0.21429065,0.8742784
2726885000000,-0.016666666666666666,0.0742552451916762,1.0094182092907955,6.984138488769531,-0.049473464,0.20528707,0.83805853
2726914000000,-0.016666666666666666,0.0742552451916762,1.0095170145273207,6.984078884124756,-0.07129395,0.20697494,0.83643925
2726981000000,-0.016666666666666666,0.07298626802023465,1.0101561222493738,6.984003067016602,-0.056355566,0.19511035,0.7928513
2727050000000,-0.016666666666666666,0.07298626802023465,1.0105843707452564,6.983966827392578,-0.06308399,0.19392785,0.788722
2727081000000,-0.016666666666666666,0.07298626802023465,1.0110978787538698,6.9839324951171875,-0.07256056,0.19261867,0.78370357
2727121000000,-0.016666666666666666,0.0742552451916762,1.012279113938506,6.983888626098633,-0.12326778,0.20018497,0.8094496
2727300000000,-0.016666666666666666,0.07298626802023465,1.0149875552549485,6.983850955963135,-0.0895852,0.17766744,0.7462771
2727319000000,-0.011111111111111112,0.07298626802023465,1.0164011594492792,6.983846187591553,-0.14208677,0.31696206,1.0858082
2727357000000,-0.011111111111111112,0.07440419573555204,1.017089489473424,6.983839988708496,-0.19219416,0.3233515,1.1217059
2727391000000,-0.011111111111111112,0.07313271839086674,1.017814927639764,6.983832359313965,-0.14892611,0.3107781,1.0786084
2727428000000,-0.011111111111111112,0.07313271839086674,1.0186605903179833,6.983821392059326,-0.15672356,0.30671746,1.0714688
2727465000000,-0.011111111111111112,0.07186065475323918,1.0196334336896715,6.983818531036377,-0.12592947,0.29286376,1.0256741
2727531000000,-0.011111111111111112,0.07186065475323918,1.0204764892222238,6.983821392059326,-0.136404,0.28888482,1.0183432
2727560000000,-0.005555555555555556,0.07058801458172467,1.0225407942127318,6.983816623687744,-0.1568317,0.3855755,1.292221
2727603000000,-0.005555555555555556,0.07313271839086674,1.023674660873465,6.983807563781738,-0.26005694,0.39325732,1.3588465
2727630000000,-0.005555555555555556,0.07186065475323918,1.0248944548142072,6.983800888061523,-0.21655712,0.3797444,1.3131065
2727668000000,-0.005555555555555556,0.06931480766265898,1.026050259412962,6.983801364898682,-0.130651,0.35815528,1.2297136
2727699000000,-0.005555555555555556,0.06931480766265898,1.0273747678388978,6.983798503875732,-0.1497021,0.35057956,1.2197045
2727724000000,-0.005555555555555556,0.06817800630345563,1.0286907477211884,6.983799934387207,-0.12638518,0.33546492,1.1758474
2727803000000,-0.005555555555555556,0.06959434015927254,1.0316710881037388,6.983788013458252,-0.21344385,0.3272268,1.1942898
2727832000000,-0.005555555555555556,0.06831551918186421,1.0332750323691784,6.983781814575195,-0.1788216,0.3091918,1.1433102
2727872000000,-0.005555555555555556,0.06959434015927254,1.0346778568590889,6.983781814575195,-0.23778206,0.30887973,1.1694086
2727904000000,-0.005555555555555556,0.06831551918186421,1.0361338852188449,6.983780860900879,-0.20231533,0.29150987,1.1190858
2727934000000,-0.005555555555555556,0.06703614451334106,1.0374414486331405,6.983782768249512,-0.16274461,0.27435043,1.0696251
2727999000000,-0.005555555555555556,0.06562379015300558,1.0388985251186693,6.98377799987793,-0.11334575,0.25440204,1.0144185
2728028000000,-0.005555555555555556,0.06306745199587659,1.04166738977347,6.983776092529297,-0.026157983,0.21546832,0.9122325
2728066000000,-0.005555555555555556,0.06306745199587659,1.0440855429137494,6.983779430389404,-0.027203515,0.19852346,0.8886304
2728136000000,-0.005555555555555556,0.06319479829922775,1.0452104689227428,6.983782768249512,-0.033679128,0.19149336,0.88109684
2728162000000,0.0,0.06434588134136211,1.0464166660253398,6.983778953552246,-0.15198949,0.2862844,1.2403363
2728211000000,0.0,0.06319479829922775,1.0473710915360706,6.983775615692139,-0.11371063,0.27290487,1.1991091
2728264000000,0.0,0.06319479829922775,1.049341163726083,6.983768939971924,-0.13120203,0.2595349,1.1829518
2728312000000,0.0,0.06191330893293099,1.051127064378317,6.983788013458252,-0.12281364,0.23907128,1.1309524
2728343000000,0.0,0.06191330893293099,1.0520507869926115,6.983794689178467,-0.14140442,0.23277225,1.1232207
2728405000000,0.005555555555555556,0.060631316035827845,1.0529642550390894,6.983806610107422,-0.16627601,0.2778178,1.3743241
2728441000000,0.005555555555555556,0.060631316035827845,1.0548947884799373,6.9838151931762695,-0.20225355,0.2649566,1.3613563
2728502000000,0.0,0.05818346372131186,1.0565577760218134,6.983816146850586,-0.07904692,0.174315,0.97561944
2728673000000,0.0,0.05818346372131186,1.061189820430525,6.983837127685547,-0.15594506,0.14298216,0.93376195
2728721000000,0.005555555555555556,0.053144390034449256,1.0630179306608436,6.983844757080078,-0.006174392,0.16707028,1.0962505
2728751000000,0.005555555555555556,0.0558372550647549,1.0630179306608436,6.983844757080078,-0.1247686,0.18299332,1.1671959
2728784000000,0.005555555555555556,0.0558372550647549,1.0637901540065935,6.983846187591553,-0.12829548,0.17862874,1.1616458
2728817000000,0.005555555555555556,0.05195955294530421,1.0646225178865776,6.983847141265869,0.030983465,0.14332862,1.0453746
2728891000000,0.005555555555555556,0.05185398190487768,1.0658852310174756,6.983852863311768,0.0059769824,0.13396862,1.0326796
2728922000000,0.005555555555555556,0.05185398190487768,1.0663611794730692,6.983858108520508,-0.008597931,0.1305649,1.0288655
2728957000000,0.005555555555555556,0.05056314659510469,1.0668867495251417,6.9838643074035645,0.02917843,0.11519989,0.9876701
2728987000000,0.011111111111111112,0.05066611208235372,1.067394432081393,6.9838714599609375,-0.021889344,0.15281567,1.2524147
2729015000000,0.011111111111111112,0.05066611208235372,1.0677964515570983,6.983877658843994,-0.04146677,0.14892489,1.24908
2729096000000,0.011111111111111112,0.04807798290570544,1.0681613101326874,6.983882904052734,0.050133646,0.12385431,1.1725088
2729125000000,0.011111111111111112,0.04807798290570544,1.068756622450035,6.983885288238525,-0.0122336205,0.113463275,1.1638536
2729155000000,0.011111111111111112,0.04548826049527166,1.0693701203366186,6.983889579772949,0.039050087,0.07886531,1.0796208
2729222000000,0.011111111111111112,0.04428309570057425,1.0695981599907947,6.983889579772949,0.059272632,0.061317746,1.0391891
2729255000000,0.011111111111111112,0.042984666261641755,1.0699060773663116,6.983886241912842,0.08224743,0.041698053,0.99485266
2729282000000,0.011111111111111112,0.042984666261641755,1.0700102295062501,6.983885288238525,0.024830565,0.032410454,0.9852165
2729354000000,0.011111111111111112,0.042984666261641755,1.0700123398517436,6.983880996704102,-0.026142515,0.023914684,0.9762835
2729420000000,0.016666666666666666,0.042984666261641755,1.069932196463262,6.983876705169678,-0.048608683,0.022405047,1.1711414
2729452000000,0.011111111111111112,0.04038674326739482,1.0698589740532072,6.983877658843994,0.028511517,-0.014562593,0.8848218
2729484000000,0.011111111111111112,0.040469449917936766,1.0692642461170683,6.983877658843994,-0.018019713,-0.019956872,0.8786974
2729558000000,0.011111111111111112,0.03786488232103756,1.0686093875573428,6.983880519866943,0.044867195,-0.05881895,0.783455
2729620000000,0.011111111111111112,0.036562116989477055,1.068153470269523,6.98388147354126,0.077658035,-0.07886641,0.7347464
2729654000000,0.016666666666666666,0.03786488232103756,1.0677799740382856,6.98388147354126,0.020583173,-0.05370506,0.9721018
2729716000000,0.016666666666666666,0.03794260941823211,1.0666165777423202,6.983886241912842,-0.0011285393,-0.05418609,0.9669751
2729763000000,0.016666666666666666,0.036712555241765206,1.0651903639667415,6.983892440795898,0.013185609,-0.07175928,0.91200596
2729827000000,0.016666666666666666,0.03540414416265728,1.0645696387206662,6.983896255493164,0.04293293,-0.09001304,0.85889447
2729855000000,0.016666666666666666,0.03409543360956269,1.0638293433821358,6.98390007019043,0.07168935,-0.10878231,0.8043027
2729892000000,0.016666666666666666,0.03409543360956269,1.0621386438365854,6.9839067459106445,0.04582819,-0.10878123,0.7890418
2729931000000,0.016666666666666666,0.03409543360956269,1.0611278135662392,6.98391056060791,0.034692332,-0.107948154,0.78131074
2729954000000,0.016666666666666666,0.03278643454451498,1.0602107047975131,6.983913898468018,0.064398125,-0.12612687,0.72425294
2730129000000,0.022222222222222223,0.03278643454451498,1.0551112137417717,6.98394250869751,0.015703699,-0.12849993,0.82046664
2730137000000,0.022222222222222223,0.03285405502440505,1.0551112137417717,6.98394250869751,0.0073571503,-0.12399286,0.8151375
2730161000000,0.022222222222222223,0.030229851025374583,1.053996293281557,6.983941078186035,0.06486872,-0.15806244,0.7032474
2730194000000,0.022222222222222223,0.02891735780555346,1.0529105104370757,6.983938217163086,0.08544936,-0.17530674,0.6416604
2730263000000,0.022222222222222223,0.02885781611358627,1.0517940470246385,6.983936309814453,0.07834752,-0.17246014,0.6299258
2730290000000,0.022222222222222223,0.027604618547771843,1.0506251078154487,6.983938217163086,0.09142093,-0.18947075,0.567359
2730328000000,0.022222222222222223,0.027604618547771843,1.0478358956930387,6.983936786651611,0.07273615,-0.17908579,0.5447576
2730397000000,0.022222222222222223,0.026346016330003233,1.0451422258029075,6.983919143676758,0.07273168,-0.19096124,0.46847197
2730429000000,0.022222222222222223,0.026346016330003233,1.0437231551226773,6.983909606933594,0.06519446,-0.18533616,0.45819086
2730500000000,0.022222222222222223,0.026346016330003233,1.042147781368775,6.983902931213379,0.056813523,-0.17897658,0.44679525
2730523000000,0.022222222222222223,0.026346016330003233,1.0389837849185648,6.98390007019043,0.041218087,-0.16599414,0.4249179
2730556000000,0.022222222222222223,0.025030108305698205,1.0375090370972566,6.983898162841797,0.047930885,-0.18511689,0.3573354
2730594000000,0.022222222222222223,0.025030108305698205,1.0359268895044886,6.983896255493164,0.040348765,-0.17863464,0.3470342
2730625000000,0.022222222222222223,0.025030108305698205,1.0342864861706063,6.983897686004639,0.03265018,-0.17189054,0.3366014
2730654000000,0.022222222222222223,0.025030108305698205,1.0328003990607655,6.983901023864746,0.027291663,-0.16592996,0.3284911
2730700000000,0.027777777777777776,0.023713986250025382,1.0311307017188842,6.9839043617248535,-0.05455356,-0.19405428,0.359506
2730765000000,0.027777777777777776,0.025030108305698205,1.0279609710083615,6.9839019775390625,-0.07468529,-0.15754674,0.4037966
2730792000000,0.027777777777777776,0.025030108305698205,1.0263968469863722,6.983902931213379,-0.08098933,-0.15119106,0.3983416
2730808000000,0.027777777777777776,0.025030108305698205,1.024947319725739,6.983902931213379,-0.08520566,-0.14563873,0.39472577
2730869000000,0.027777777777777776,0.025030108305698205,1.0233686428281605,6.9839043617248535,-0.08977743,-0.13961723,0.3910377
2730897000000,0.027777777777777776,0.02508198432438099,1.0216382851850525,6.9839067459106445,-0.09611967,-0.13189134,0.38861543
2730965000000,0.027777777777777776,0.023763139751847795,1.020217427203215,6.983909606933594,-0.098705545,-0.15057445,0.328291
2731004000000,0.027777777777777776,0.022444091085823775,1.01733076572394,6.983912944793701,-0.10719965,-0.1657606,0.2684194
2731034000000,0.027777777777777776,0.022444091085823775,1.0159973941906255,6.983909606933594,-0.10801613,-0.16190867,0.2696871
2731074000000,0.027777777777777776,0.021124849606826975,1.0145576784302146,6.983903884887695,-0.115323246,-0.1837926,0.21393767
2731097000000,0.027777777777777776,0.021124849606826975,1.0130415284702308,6.9838995933532715,-0.11693631,-0.17955866,0.21581309
2731125000000,0.027777777777777776,0.021124849606826975,1.011809078231025,6.98389196395874,-0.11646442,-0.17656662,0.21893226
2731200000000,0.03333333333333333,0.022444091085823775,1.0090640922883447,6.983875274658203,-0.2450448,-0.17401955,0.38060412
2731231000000,0.027777777777777776,0.01980542660529668,1.0061659997651908,6.983859062194824,-0.12447531,-0.19437301,0.1753644
2731262000000,0.03333333333333333,0.021124849606826975,1.0061659997651908,6.983859062194824,-0.2518796,-0.18977568,0.33855122
2731426000000,0.03333333333333333,0.021124849606826975,0.9988085263145449,6.983842372894287,-0.2466425,-0.17597766,0.37326035
2731471000000,0.03333333333333333,0.01980542660529668,0.9958241466202825,6.983839511871338,-0.2564214,-0.19289646,0.33563513
2731532000000,0.03333333333333333,0.01980542660529668,0.9942388840535271,6.983835697174072,-0.257536,-0.18882193,0.3419718
2731561000000,0.03333333333333333,0.01980542660529668,0.9927559899583439,6.983828544616699,-0.25647002,-0.18566534,0.34930778
2731595000000,0.03333333333333333,0.01980542660529668,0.9911107905789549,6.983824253082275,-0.25543875,-0.18194716,0.35728633
2731659000000,0.03333333333333333,0.018524243800010727,0.9881842192920127,6.983819007873535,-0.2653529,-0.19908531,0.32408476
2731695000000,0.03333333333333333,0.018524243800010727,0.9850126056598881,6.983818054199219,-0.25968772,-0.19253924,0.34194008
2731759000000,0.03333333333333333,0.018524243800010727,0.9834219646981166,6.9838104248046875,-0.25389427,-0.1901007,0.35245034
2731806000000,0.03888888888888889,0.0198465754828719,0.9819375565234179,6.983804702758789,-0.4062278,-0.21658403,0.5140744
2731838000000,0.03888888888888889,0.01720175221086622,0.9804528354580249,6.983800411224365,-0.4289817,-0.24930324,0.42697814
2731903000000,0.03333333333333333,0.01720175221086622,0.9773034883232874,6.983797550201416,-0.2510939,-0.20298108,0.34117877
2731932000000,0.03888888888888889,0.01587911210268263,0.9739544313753643,6.98380184173584,-0.4202612,-0.2583871,0.42372078
2732002000000,0.03888888888888889,0.01587911210268263,0.9722627678342228,6.983804225921631,-0.41022074,-0.25737628,0.4366715
2732033000000,0.03888888888888889,0.014556334870390547,0.9706566591292699,6.983805179595947,-0.41573104,-0.27483237,0.4020007
2732070000000,0.03888888888888889,0.014556334870390547,0.966906071779268,6.983809471130371,-0.39285788,-0.27123502,0.4291651
2732132000000,0.03888888888888889,0.013260993599800328,0.9631354837451359,6.983813285827637,-0.3839118,-0.2856165,0.4104513
2732192000000,0.03888888888888889,0.013260993599800328,0.961263202172568,6.983816623687744,-0.36927587,-0.28406578,0.4238495
2732235000000,0.03888888888888889,0.011935222204140276,0.9593979843513118,6.9838175773620605,-0.3696163,-0.30280077,0.39199308
2732270000000,0.03888888888888889,0.010609347265246387,0.9574248436754355,6.983819484710693,-0.36945558,-0.32132456,0.36070943
2732331000000,0.03888888888888889,0.011935222204140276,0.9531678638438863,6.983821392059326,-0.31987208,-0.29432786,0.43226904
2732367000000,0.03888888888888889,0.011960133304302347,0.948993457151023,6.983827590942383,-0.28363618,-0.28724766,0.4583395
2732431000000,0.03888888888888889,0.011960133304302347,0.9468728468910262,6.983830451965332,-0.26366305,-0.28410354,0.47094578
2732461000000,0.03888888888888889,0.011960133304302347,0.9446441469170508,6.983831882476807,-0.2444286,-0.27955157,0.48322487
2732494000000,0.03888888888888889,0.010609347265246387,0.9402586834404588,6.983831405639648,-0.23378702,-0.28667977,0.458405
2732569000000,0.03888888888888889,0.009302758270531638,0.9359182886167791,6.9838361740112305,-0.22339292,-0.29211333,0.43333775
2732593000000,0.03888888888888889,0.010631492102178204,0.9336141662433288,6.983839988708496,-0.19354004,-0.26145595,0.4880402
2732669000000,0.044444444444444446,0.011935222204140276,0.9315309634498469,6.983842849731445,-0.30102372,-0.285746,0.63644105
2732695000000,0.03888888888888889,0.0079739433774574,0.9272412194639844,6.983839511871338,-0.19947311,-0.27303785,0.42002615
2732738000000,0.03888888888888889,0.0079739433774574,0.9251679553127812,6.983835220336914,-0.18962353,-0.26325244,0.4274182
2732765000000,0.03888888888888889,0.0079739433774574,0.9229313583098055,6.983831882476807,-0.1815249,-0.2512228,0.4347263
2732938000000,0.03888888888888889,0.0079739433774574,0.9127964582995475,6.9838151931762695,-0.13652338,-0.20141113,0.4689386
2732975000000,0.03888888888888889,0.005327237764406176,0.9108936671066789,6.983809471130371,-0.14938505,-0.23622662,0.380076
2733005000000,0.03888888888888889,0.005338405454757202,0.9089668291174576,6.9838032722473145,-0.13971049,-0.22708738,0.38628465
2733043000000,0.03888888888888889,0.0026636655120093958,0.9069772225508294,6.983796119689941,-0.14480834,-0.2616932,0.29575956
2733109000000,0.03888888888888889,0.00133183858496011,0.9050481397923036,6.983792304992676,-0.14266518,-0.2719256,0.2522536
2733142000000,0.03888888888888889,0.00133183858496011,0.9011905322764633,6.98377799987793,-0.12756337,-0.24988392,0.25994498
2733179000000,0.03888888888888889,0.0026636655120093958,0.899284606986308,6.983769416809082,-0.11592147,-0.21850967,0.31273457
2733191000000,0.03888888888888889,0.0026636655120093958,0.897272705159102,6.983760356903076,-0.10613392,-0.20913868,0.31754458
2733255000000,0.03888888888888889,0.002658104688373126,0.8955213397973271,6.9837541580200195,-0.09571013,-0.20268846,0.32188237
2733281000000,0.03888888888888889,0.002658104688373126,0.8935662248824343,6.9837517738342285,-0.089979805,-0.1910825,0.32564667
2733343000000,0.03888888888888889,0.0,0.8898597037951539,6.983742713928223,-0.08177848,-0.2088328,0.231406
2733382000000,0.03888888888888889,0.0,0.8862725398022472,6.983733654022217,-0.07043099,-0.18705079,0.23635156
2733425000000,0.03888888888888889,0.0,0.884592047458379,6.983729839324951,-0.0655109,-0.17665963,0.23852624
2733499000000,0.03888888888888889,0.0,0.8827854213766823,6.983728885650635,-0.06024723,-0.16557127,0.24080801
2733520000000,0.03888888888888889,0.0,0.8811574240368901,6.983729362487793,-0.055002593,-0.15614867,0.24292944
2733564000000,0.03888888888888889,0.0,0.8776717116705434,6.983736991882324,-0.04775623,-0.13260396,0.24649566
2733625000000,0.03888888888888889,0.0,0.8746888221958484,6.983738899230957,-0.040532194,-0.11371346,0.249582
2733662000000,0.03888888888888889,0.0,0.8733178850392418,6.983736991882324,-0.037115186,-0.10523985,0.25095734
2733732000000,0.03888888888888889,0.0,0.8717719812030696,6.983734130859375,-0.0354829,-0.09350951,0.2520024
2733768000000,0.03888888888888889,-0.0026636655120093958,0.8689678054200293,6.9837260246276855,-0.014299485,-0.10965143,0.14653039
2733800000000,0.03888888888888889,-0.0026636655120093958,0.8676724500902568,6.983725070953369,-0.012550117,-0.09935391,0.14669283
2733828000000,0.03888888888888889,-0.0026636655120093958,0.8664781856064355,6.983724594116211,-0.01044182,-0.09042555,0.14690633
2733862000000,0.03888888888888889,-0.0026636655120093958,0.865335316323997,6.983725070953369,-0.008307295,-0.082036465,0.14710063
2733908000000,0.03888888888888889,-0.002658104688373126,0.8640078543815959,6.9837260246276855,-0.0070504863,-0.07091665,0.14726633
2733969000000,0.03888888888888889,-0.003995469123849521,0.8618155000632002,6.983725547790527,0.009392059,-0.07085553,0.09315507
2734003000000,0.03888888888888889,-0.003995469123849521,0.8607860277124679,6.983724117279053,0.010580444,-0.062126912,0.09280666
2734036000000,0.03888888888888889,-0.003995469123849521,0.8597843852520051,6.98372220993042,0.012743702,-0.05486393,0.09263402
2734074000000,0.03888888888888889,-0.005327237764406176,0.8587194180421217,6.983721733093262,0.030941937,-0.063617386,0.038956136
2734095000000,0.03888888888888889,-0.005327237764406176,0.8576694020032852,6.983722686767578,0.031501256,-0.05356241,0.03815018
2734171000000,0.03888888888888889,-0.005327237764406176,0.8567135633540778,6.98372220993042,0.033721592,-0.04655862,0.037704512
2734350000000,0.03888888888888889,-0.003987128070541562,0.8513918937301062,6.9836626052856445,0.023112608,0.014838295,0.08867831
2734401000000,0.03888888888888889,-0.005316116699984263,0.8497034970680781,6.983633518218994,0.04282334,0.013293556,0.032633007
2734433000000,0.03888888888888889,-0.005316116699984263,0.84833810590353,6.983615875244141,0.043284386,0.019448146,0.03193685
2734470000000,0.03888888888888889,-0.005316116699984263,0.84833810590353,6.983615875244141,0.042054817,0.028404716,0.030828547
2734501000000,0.03888888888888889,-0.005316116699984263,0.8475885048796107,6.983616352081299,0.040058065,0.038952682,0.029464249
2734527000000,0.03888888888888889,-0.005316116699984263,0.8470226229238766,6.983611583709717,0.039103318,0.04616369,0.028522823
2734606000000,0.03888888888888889,-0.005316116699984263,0.8464396620320871,6.983612537384033,0.03816459,0.05355542,0.027540568
2734634000000,0.03888888888888889,-0.005305041970106414,0.8455662640961121,6.983622074127197,0.03528221,0.06669294,0.026181174
2734666000000,0.03888888888888889,-0.005305041970106414,0.8451315832773607,6.983630657196045,0.033494726,0.073819235,0.025148403
2734694000000,0.03888888888888889,-0.005305041970106414,0.8448113806161862,6.983637809753418,0.031385638,0.080237284,0.024189686
2734742000000,0.03888888888888889,-0.006631216124768634,0.8444343768301531,6.983646392822266,0.048772678,0.07341571,-0.030913481
2734766000000,0.03888888888888889,-0.006631216124768634,0.844107043012685,6.983654022216797,0.045998447,0.08096596,-0.0320568
2734837000000,0.03888888888888889,-0.006631216124768634,0.8438496378468149,6.983665466308594,0.04198552,0.08956621,-0.033399638
2734875000000,0.03888888888888889,-0.006631216124768634,0.8435981151421736,6.983673572540283,0.037775733,0.098386124,-0.034816075
2734935000000,0.03888888888888889,-0.006631216124768634,0.8434654878803955,6.983672618865967,0.035272643,0.10344225,-0.03565184
2734969000000,0.03888888888888889,-0.006631216124768634,0.8434128515192638,6.98367166519165,0.03257656,0.1079001,-0.036411315
2735008000000,0.03888888888888889,-0.006631216124768634,0.8434870065253721,6.983676910400391,0.02744543,0.114416584,-0.03757488
2735075000000,0.03888888888888889,-0.006631216124768634,0.8436275186359501,6.983688831329346,0.02171054,0.12101501,-0.038830828
2735134000000,0.03888888888888889,-0.006631216124768634,0.8436376182983907,6.9836955070495605,0.018409759,0.1255685,-0.039706364
2735177000000,0.03888888888888889,-0.006631216124768634,0.8437903789998312,6.98369836807251,0.01637848,0.12671821,-0.039983656
2735236000000,0.03888888888888889,-0.006631216124768634,0.8440943932313585,6.983692646026611,0.0113457795,0.13035199,-0.04083103
2735275000000,0.03888888888888889,-0.0079739433774574,0.8444738434525816,6.98369026184082,0.026764138,0.11946362,-0.09393175
2735298000000,0.03888888888888889,-0.006631216124768634,0.844648416747508,6.983694553375244,0.002612918,0.13619123,-0.042328794
2735374000000,0.03888888888888889,-0.005305041970106414,0.8449774084695394,6.983700752258301,-0.01893867,0.15023625,0.010217638
2735406000000,0.03888888888888889,-0.005305041970106414,0.845198066386304,6.983707427978516,-0.021386612,0.15118015,0.009796085
2735466000000,0.03888888888888889,-0.005305041970106414,0.8458720061842159,6.983717441558838,-0.025589643,0.14946052,0.009586278
2735497000000,0.03888888888888889,-0.006631216124768634,0.8463406470124083,6.983717918395996,-0.012810599,0.13778043,-0.04385858
2735570000000,0.03888888888888889,-0.006631216124768634,0.8466969138167096,6.983718395233154,-0.014902476,0.13647014,-0.04384696
2735595000000,0.03888888888888889,-0.006631216124768634,0.8470347004321709,6.9837212562561035,-0.017353386,0.13582596,-0.04399268
2735635000000,0.03888888888888889,-0.006631216124768634,0.8474511571348884,6.983724117279053,-0.018955052,0.13314253,-0.043722693
2735809000000,0.03888888888888889,-0.006631216124768634,0.8490394749540882,6.9837117195129395,-0.027333882,0.12567149,-0.043486677
2735842000000,0.03888888888888889,-0.006631216124768634,0.8494365023153285,6.983710765838623,-0.028674576,0.12278038,-0.043199252
2735874000000,0.03888888888888889,-0.006631216124768634,0.8497720199750125,6.983712196350098,-0.029738575,0.12024236,-0.04293984
2735909000000,0.03888888888888889,-0.006631216124768634,0.8503221210663996,6.983721733093262,-0.032464415,0.117309764,-0.042833608
2735973000000,0.03888888888888889,-0.006631216124768634,0.8508736288986659,6.983731269836426,-0.034320675,0.11323097,-0.04245574
2736006000000,0.03888888888888889,-0.006631216124768634,0.8511582919801586,6.983736515045166,-0.034899328,0.110635534,-0.04214418
2736071000000,0.03888888888888889,-0.006631216124768634,0.8514909666142381,6.983742713928223,-0.035162196,0.10707289,-0.04165188
2736100000000,0.03888888888888889,-0.007940791133824614,0.8518100664950456,6.983749866485596,-0.018055676,0.0909011,-0.09109585
2736145000000,0.03888888888888889,-0.007940791133824614,0.8519481613777957,6.983753681182861,-0.018862765,0.09024706,-0.091079906
2736177000000,0.03888888888888889,-0.007957332727448987,0.852215191967592,6.983758926391602,-0.019221207,0.08761527,-0.09139064
2736210000000,0.03888888888888889,-0.007957332727448987,0.8523714567690482,6.983765602111816,-0.018856104,0.0852969,-0.09100393
2736250000000,0.03888888888888889,-0.007957332727448987,0.8525621819516768,6.983769416809082,-0.018531905,0.08260893,-0.09057194
2736303000000,0.03888888888888889,-0.007957332727448987,0.852706087244313,6.983766078948975,-0.018943766,0.08139622,-0.090434596
2736340000000,0.03888888888888889,-0.007957332727448987,0.852850917232389,6.983761310577393,-0.01858528,0.07921769,-0.09007693
2736379000000,0.03888888888888889,-0.007957332727448987,0.8529074831235132,6.983753204345703,-0.018605798,0.078568146,-0.08998205
2736407000000,0.03888888888888889,-0.007957332727448987,0.8529719393154925,6.983743667602539,-0.018948214,0.07821738,-0.08996789
2736450000000,0.03888888888888889,-0.007957332727448987,0.8531228293527927,6.983735084533691,-0.018296953,0.07560805,-0.089516684
2736508000000,0.03888888888888889,-0.007957332727448987,0.8530976735077261,6.98372745513916,-0.01851948,0.07618025,-0.08962602
2736537000000,0.03888888888888889,-0.007957332727448987,0.8530774129847843,6.983707904815674,-0.017435793,0.07509214,-0.08935194
2736587000000,0.03888888888888889,-0.007957332727448987,0.8531066144969938,6.983691215515137,-0.017374933,0.07466933,-0.089286536
2736650000000,0.03888888888888889,-0.007957332727448987,0.8532193297802598,6.983687877655029,-0.01735922,0.07330063,-0.089084394
2736683000000,0.03888888888888889,-0.007957332727448987,0.8531472205663181,6.983689308166504,-0.016690679,0.07333977,-0.089021385
2736722000000,0.03888888888888889,-0.006631216124768634,0.8530253510367939,6.9836907386779785,-0.035472818,0.08948921,-0.039173532
2736784000000,0.03888888888888889,-0.007957332727448987,0.8529598058908069,6.983697891235352,-0.015459959,0.07406549,-0.08900455
2736854000000,0.03888888888888889,-0.007957332727448987,0.8529515377771144,6.983701705932617,-0.015423572,0.07411732,-0.08900708
2736882000000,0.03888888888888889,-0.007957332727448987,0.8528253122882775,6.983703136444092,-0.015242661,0.07540094,-0.089178085
2736913000000,0.03888888888888889,-0.006631216124768634,0.8526895049260319,6.98370361328125,-0.033787522,0.09130645,-0.039202586
2736991000000,0.03888888888888889,-0.007957332727448987,0.8526026776454192,6.983712196350098,-0.013351837,0.07572367,-0.08904104
2737019000000,0.03888888888888889,-0.007957332727448987,0.8525891209668892,6.9837212562561035,-0.012746295,0.07513646,-0.08889386
2737086000000,0.03888888888888889,-0.007957332727448987,0.8524835962972936,6.983733654022217,-0.012623161,0.07624119,-0.08904402
2737250000000,0.03888888888888889,-0.007957332727448987,0.8522026147299925,6.983792781829834,-0.009197333,0.07533089,-0.08858611
2737287000000,0.03888888888888889,-0.006631216124768634,0.8521572425856864,6.983794212341309,-0.027746081,0.089889035,-0.038235113
2737308000000,0.03888888888888889,-0.006631216124768634,0.8519526106867751,6.983792781829834,-0.028132107,0.092767775,-0.03868495
2737359000000,0.03888888888888889,-0.006631216124768634,0.8517034564721571,6.983795642852783,-0.02745835,0.09481481,-0.03889296
2737398000000,0.03888888888888889,-0.006631216124768634,0.8516103370713182,6.983797073364258,-0.027577741,0.09604952,-0.03908577
2737432000000,0.03888888888888889,-0.006631216124768634,0.8515093471714175,6.9837965965271,-0.026667252,0.09606773,-0.038977146
2737471000000,0.03888888888888889,-0.007957332727448987,0.8514946213028345,6.983793258666992,-0.0061755097,0.07997122,-0.08899934
2737494000000,0.03888888888888889,-0.006631216124768634,0.8513317183142018,6.983788013458252,-0.026070349,0.0973719,-0.03909307
2737570000000,0.03888888888888889,-0.007957332727448987,0.8511994767684239,6.983784198760986,-0.006477525,0.08385966,-0.08960338
2737599000000,0.03888888888888889,-0.007957332727448987,0.8511668290694518,6.983781814575195,-0.0053152163,0.082785286,-0.08934136
2737630000000,0.03888888888888889,-0.007957332727448987,0.8512558525008841,6.983785629272461,-0.004465383,0.08065755,-0.088952854
2737666000000,0.03888888888888889,-0.007957332727448987,0.8512411906359746,6.98378849029541,-0.004155499,0.08043723,-0.08889699
2737698000000,0.03888888888888889,-0.006631216124768634,0.8510988227874784,6.983793258666992,-0.023950076,0.09736618,-0.038838424
2737729000000,0.03888888888888889,-0.006631216124768634,0.8510804524829315,6.983795642852783,-0.023233991,0.09665525,-0.038652617
2737772000000,0.03888888888888889,-0.006631216124768634,0.8509774849534137,6.983795166015625,-0.023123559,0.09771074,-0.038793128
2737835000000,0.03888888888888889,-0.006631216124768634,0.8509766254913502,6.983789920806885,-0.021910688,0.09616151,-0.0384315
2737874000000,0.03888888888888889,-0.006631216124768634,0.8508352845955937,6.983779430389404,-0.022975173,0.09917329,-0.038987726
2737948000000,0.03888888888888889,-0.006631216124768634,0.8508209244644741,6.983778953552246,-0.023301804,0.099763446,-0.039110057
2737978000000,0.03888888888888889,-0.006631216124768634,0.8507256859343522,6.983781337738037,-0.023964716,0.10172051,-0.039471686
2738009000000,0.03888888888888889,-0.006631216124768634,0.8506955182732147,6.983786582946777,-0.024294427,0.10249297,-0.039621733
2738081000000,0.03888888888888889,-0.006631216124768634,0.8508099848012426,6.983787536621094,-0.023066185,0.09958787,-0.039057758
2738107000000,0.03888888888888889,-0.006631216124768634,0.8506364830989932,6.983777046203613,-0.024023183,0.102833405,-0.039641105
2738145000000,0.03888888888888889,-0.006631216124768634,0.8505872395802784,6.9837751388549805,-0.024543677,0.10407825,-0.039886802
2738212000000,0.03888888888888889,-0.007957332727448987,0.8505910640970354,6.983774662017822,-0.0051476685,0.089408636,-0.09032347
2738244000000,0.03888888888888889,-0.006631216124768634,0.8506868847654332,6.983777046203613,-0.02433182,0.10264765,-0.039650492
2738283000000,0.03888888888888889,-0.006631216124768634,0.850755404870508,6.983773708343506,-0.02464861,0.10225704,-0.039630376
2738347000000,0.03888888888888889,-0.006631216124768634,0.8506086071086555,6.983755111694336,-0.024977405,0.10438812,-0.03998142
2738386000000,0.03888888888888889,-0.006631216124768634,0.8507136159832589,6.9837517738342285,-0.024915092,0.10308041,-0.03978176
2738426000000,0.03888888888888889,-0.006631216124768634,0.850757503079437,6.98375129699707,-0.025550373,0.10338617,-0.03990096
2738488000000,0.03888888888888889,-0.007957332727448987,0.8508569225907272,6.983757019042969,-0.0065841423,0.08806834,-0.090243034
2738677000000,0.03888888888888889,-0.007957332727448987,0.850994700898957,6.983795166015625,-0.0065108063,0.08633478,-0.08997549
2738715000000,0.03888888888888889,-0.007957332727448987,0.850910802370302,6.983800888061523,-0.006894137,0.08781322,-0.090233944
2738756000000,0.03888888888888889,-0.006631216124768634,0.8509772651393168,6.98380708694458,-0.026312042,0.10180552,-0.03976373
2738794000000,0.03888888888888889,-0.006631216124768634,0.8509666760337756,6.98381233215332,-0.02603251,0.10157208,-0.039695635
2738825000000,0.03888888888888889,-0.006631216124768634,0.8510057125415251,6.9838151931762695,-0.025563605,0.10051702,-0.039484054
2738900000000,0.03888888888888889,-0.006631216124768634,0.8510830310528481,6.9838104248046875,-0.024865787,0.09872764,-0.03914239
2738932000000,0.03888888888888889,-0.006631216124768634,0.8510343690049669,6.983789920806885,-0.024618773,0.09970415,-0.039255634
2738954000000,0.03888888888888889,-0.006631216124768634,0.8510343690049669,6.983789920806885,-0.024259403,0.09851223,-0.03904077
2738986000000,0.03888888888888889,-0.006631216124768634,0.8510171917445815,6.983781337738037,-0.024762306,0.09935924,-0.039222106
2739026000000,0.03888888888888889,-0.006631216124768634,0.8511219752242066,6.983775615692139,-0.024649415,0.09799457,-0.039013207
2739096000000,0.03888888888888889,-0.006631216124768634,0.8511389212833975,6.983773708343506,-0.025219187,0.09852561,-0.039156694
2739124000000,0.03888888888888889,-0.006631216124768634,0.8511209226607259,6.983779430389404,-0.025280273,0.09881587,-0.039205417
2739203000000,0.03888888888888889,-0.006631216124768634,0.8511317773862829,6.983778953552246,-0.025091592,0.09844881,-0.039131213
2739237000000,0.03888888888888889,-0.006631216124768634,0.8512553367238016,6.983773231506348,-0.02403541,0.095655456,-0.038600467
2739266000000,0.03888888888888889,-0.006631216124768634,0.8512618579666378,6.983769416809082,-0.024629122,0.09633853,-0.038772862
2739334000000,0.03888888888888889,-0.006631216124768634,0.8512654426689071,6.983776092529297,-0.025198247,0.09702482,-0.03893647
2739363000000,0.03888888888888889,-0.006631216124768634,0.8512883241596172,6.983778953552246,-0.025277367,0.09686049,-0.038923804
2739429000000,0.03888888888888889,-0.006631216124768634,0.8513964300669052,6.983780860900879,-0.024651516,0.09480194,-0.03855562
2739465000000,0.03888888888888889,-0.007957332727448987,0.851539481497511,6.983792304992676,-0.005321922,0.0783648,-0.088687696
2739535000000,0.03888888888888889,-0.006631216124768634,0.8513599194829403,6.9838104248046875,-0.025215924,0.095951445,-0.03878657
2739567000000,0.03888888888888889,-0.006631216124768634,0.85139792435439,6.9838175773620605,-0.024330098,0.094372496,-0.038455784
2739633000000,0.03888888888888889,-0.007957332727448987,0.8513868507465863,6.983824253082275,-0.004542183,0.079192676,-0.08874535
2739660000000,0.03888888888888889,-0.006631216124768634,0.8514558380409323,6.983829498291016,-0.022446943,0.09128573,-0.03779645
2739708000000,0.03888888888888889,-0.006631216124768634,0.8513489249634358,6.983819484710693,-0.022733456,0.092898004,-0.03805869
2739741000000,0.03888888888888889,-0.006631216124768634,0.8512602898762133,6.983808994293213,-0.022998396,0.09426746,-0.03828488
2739770000000,0.03888888888888889,-0.006631216124768634,0.8513006522062897,6.983803749084473,-0.022103172,0.09264308,-0.037950814
2739808000000,0.03888888888888889,-0.006631216124768634,0.8512991924289196,6.98380184173584,-0.02181391,0.09228722,-0.03786633
2739865000000,0.03888888888888889,-0.007957332727448987,0.8513324553750664,6.98380184173584,-0.0014351605,0.07591488,-0.08800335
2739891000000,0.03888888888888889,-0.007957332727448987,0.851287112101201,6.9837870597839355,-0.0016102863,0.076679714,-0.088129975
2783207000000,0.46111111111111114,-0.024978446320209475,0.015170934664979374,6.982899188995361,-2.9367123,2.9999166,4.7884464
2783431000000,0.46111111111111114,-0.024978446320209475,0.0152156517069067,6.98289680480957,-2.9385293,2.9999166,4.7892385
2783474000000,0.4666666666666667,-0.024978446320209475,0.01541634238290959,6.982887268066406,-2.9377751,2.9999244,4.765712
2783502000000,0.46111111111111114,-0.02381249734891055,0.017285053635023404,6.982860088348389,-2.9318132,2.9999151,4.783396
2783564000000,0.4666666666666667,-0.02253753017731602,0.02088907977112126,6.982826232910156,-2.9167778,2.9999194,4.7476397
2783601000000,0.4666666666666667,-0.026565770554326996,0.026480350898425164,6.982804298400879,-2.9251933,2.9998999,4.7338767
2783640000000,0.4666666666666667,-0.030544921142840072,0.04387071975040791,6.982765197753906,-2.9205246,2.9998388,4.677581
2783700000000,0.4666666666666667,-0.035846688860273763,0.0663965865127268,6.982754707336426,-2.9276443,2.999693,4.601049
2783749000000,0.4666666666666667,-0.038415748606928764,0.07939283936215759,6.982760906219482,-2.933715,2.9995532,4.5583014
2783810000000,0.4722222222222222,-0.04492542605959894,0.09416755958302382,6.982763290405273,-2.9521677,2.999346,4.5013433
2783846000000,0.4666666666666667,-0.04877350128422885,0.1236084615276284,6.982759475708008,-2.9587195,2.9982388,4.4857035
2783899000000,0.4666666666666667,-0.05510582149377225,0.15463742709533615,6.982758045196533,-2.9658427,2.9958925,4.492431
2783937000000,0.4666666666666667,-0.0603239878579681,0.1718628660842809,6.982760906219482,-2.9670892,2.993625,4.5148954
2784004000000,0.4666666666666667,-0.06915234182650636,0.18789579590343505,6.982763767242432,-2.9651322,2.990259,4.550981
2784043000000,0.4666666666666667,-0.07288462028481114,0.22132957194034725,6.982748031616211,-2.9522524,2.9865713,4.5793967
2784078000000,0.4666666666666667,-0.07402385677006736,0.2386072162874391,6.982728481292725,-2.9408689,2.9854722,4.590936
2784111000000,0.4666666666666667,-0.07900661178477972,0.2566788366881615,6.982717990875244,-2.920914,2.9839218,4.614868
2784143000000,0.4666666666666667,-0.08395937840488285,0.2734171648623345,6.982707500457764,-2.896618,2.9826663,4.6380672
2784206000000,0.4666666666666667,-0.08997213724736386,0.29101925752168284,6.982687473297119,-2.8668902,2.9810946,4.66517
2784240000000,0.4666666666666667,-0.09484942874961114,0.32697547415609995,6.982666492462158,-2.8245187,2.9773612,4.6993895
2784318000000,0.4666666666666667,-0.10576248129096244,0.36181739017304554,6.982640266418457,-2.809142,2.966719,4.7578707
2784349000000,0.4666666666666667,-0.1105406733164028,0.37950110273739823,6.9826273918151855,-2.8105726,2.958251,4.7855725
2784391000000,0.46111111111111114,-0.11382319384954023,0.3986000614292046,6.982596397399902,-2.7885065,2.9479742,4.8041506
2784446000000,0.46111111111111114,-0.12444117804214695,0.4342815862304894,6.982548236846924,-2.7824428,2.9196286,4.8506384
2784474000000,0.46111111111111114,-0.12664307566029592,0.452163413278814,6.982510089874268,-2.76538,2.9084687,4.8608475
2784492000000,0.46111111111111114,-0.1278636744101427,0.4701226734770469,6.982498645782471,-2.7365732,2.900436,4.865959
2784553000000,0.46111111111111114,-0.13585484450518032,0.48941402866082434,6.982478618621826,-2.6992486,2.888335,4.881376
2784584000000,0.46111111111111114,-0.13867601546396646,0.5075339878016433,6.982450008392334,-2.6357675,2.8860667,4.883897
2784653000000,0.45555555555555555,-0.1488620035654503,0.5441393464168858,6.982392311096191,-2.3219974,2.892773,4.882553
2784679000000,0.45555555555555555,-0.15330692117812927,0.5627806739434177,6.982362747192383,-2.1465416,2.9010394,4.881668
2784720000000,0.45555555555555555,-0.15889197165761762,0.5810338738139188,6.982330799102783,-2.0074947,2.9103067,4.881838
2784879000000,0.46111111111111114,-0.16528535557376436,0.6738099143843155,6.982076168060303,-2.0574052,2.942779,4.8525386
2784911000000,0.46111111111111114,-0.19331317395054493,0.692784569321528,6.982015132904053,-2.290134,2.952654,4.8811707
2784948000000,0.45555555555555555,-0.1963153818594675,0.7102160202119044,6.981956481933594,-2.2739487,2.9593334,4.844336
2784990000000,0.45555555555555555,-0.20040674257718885,0.7285507627495025,6.981893062591553,-2.292521,2.9622545,4.827829
2785053000000,0.45555555555555555,-0.20958629900901954,0.7666901615685411,6.981759071350098,-2.3156126,2.9643383,4.7871203
2785083000000,0.45,-0.21465973360460489,0.806174514847989,6.981627941131592,-2.2860336,2.965319,4.685672
2785149000000,0.4444444444444444,-0.22359390086381062,0.8256998208882282,6.981573104858398,-2.302519,2.96882,4.5989122
2785188000000,0.4444444444444444,-0.22853338070387852,0.844849286318089,6.981521129608154,-2.3422658,2.9679484,4.5847793
2785225000000,0.4444444444444444,-0.23302126161575323,0.8857992117087595,6.981402397155762,-2.4120734,2.9628506,4.5783505
2785287000000,0.4388888888888889,-0.24202997340058485,0.9250114425701553,6.981296062469482,-2.4982946,2.962655,4.54502
2785322000000,0.4388888888888889,-0.2453382796392595,0.9441851229514088,6.98124361038208,-2.5446818,2.9586701,4.5642266
2785385000000,0.43333333333333335,-0.2547230366491042,0.9641713884987639,6.981197357177734,-2.6026146,2.9616485,4.5509124
2785413000000,0.43333333333333335,-0.2587723944573189,1.0052179124415697,6.981093883514404,-2.6952624,2.9426517,4.617719
2785484000000,0.4222222222222222,-0.2694445164347591,1.044961847776852,6.9810075759887695,-2.7717016,2.934465,4.6556625
2785554000000,0.4166666666666667,-0.2783547735667742,1.065147354663912,6.980960369110107,-2.800091,2.941103,4.6801896
2785587000000,0.4166666666666667,-0.28370645216955903,1.0867304487464644,6.9809136390686035,-2.825643,2.9396932,4.704096
2785623000000,0.4111111111111111,-0.28850628494627556,1.106576836242476,6.980854511260986,-2.84327,2.946043,4.714473
2785685000000,0.40555555555555556,-0.29657776424610877,1.1468622016988599,6.980689525604248,-2.873914,2.957387,4.7300196
2785722000000,0.4,-0.29750773862481517,1.1885424178336002,6.980482578277588,-2.8888888,2.9655213,4.7475295
2785752000000,0.39444444444444443,-0.30590100893978833,1.2081584532303702,6.980412006378174,-2.9021444,2.9768898,4.76073
2785821000000,0.3888888888888889,-0.315502560205639,1.2286709202384911,6.980306625366211,-2.916774,2.985189,4.7776537
2785852000000,0.38333333333333336,-0.32043488828672234,1.249700078477401,6.980177879333496,-2.925734,2.9893792,4.8045
2785885000000,0.38333333333333336,-0.3240222222070048,1.2909411695604267,6.979986667633057,-2.931218,2.9926534,4.849617
2785955000000,0.37222222222222223,-0.33428053622732967,1.3335504145297121,6.97979211807251,-2.950415,2.9949775,4.920139
2785987000000,0.36666666666666664,-0.33988767244604706,1.354804364870996,6.979685306549072,-2.9602861,2.994868,4.9474235
2786045000000,0.35555555555555557,-0.34969054299292923,1.3755883595433576,6.979607105255127,-2.976466,2.992837,4.9733
2786084000000,0.35,-0.35561536897870555,1.3972485810199982,6.979503631591797,-2.982471,2.9900165,4.983803
2786156000000,0.3388888888888889,-0.36561381025542106,1.4411593715595716,6.9793381690979,-2.9886694,2.9760172,4.992993
2786184000000,0.3388888888888889,-0.3702584685449556,1.4834253637468389,6.979155540466309,-2.9891982,2.9659228,4.994954
2786212000000,0.3277777777777778,-0.3754130991520904,1.5048111849837962,6.979098796844482,-2.990968,2.894461,4.9959345
2786380000000,0.3277777777777778,-0.3754130991520904,1.591449846521882,6.978872776031494,-2.9888396,2.707403,4.99634
2786397000000,0.3,-0.39947142222332543,1.612409750993449,6.978865623474121,-2.9954486,0.84464747,4.9939094
2786431000000,0.29444444444444445,-0.40327511154976753,1.6339982299566884,6.978813648223877,-2.995787,0.24431755,4.992542
2786465000000,0.2777777777777778,-0.40798629004800413,1.653481574983093,6.978774547576904,-2.9952528,-0.54223263,4.9891667
2786488000000,0.26666666666666666,-0.41392689030534996,1.6741377950052934,6.978786945343018,-2.9932318,-0.753003,4.987482
2786566000000,0.23333333333333334,-0.4308357818498479,1.6945486653026693,6.978846073150635,-2.9257717,0.026737776,4.9761615
2786589000000,0.21666666666666667,-0.43763480096064517,1.7258036533691439,6.979066848754883,-2.710382,0.6846148,4.954224
2786629000000,0.2,-0.4444769673078568,1.7373285429388063,6.979254722595215,-2.4229162,1.2543681,4.9152007
2786650000000,0.18888888888888888,-0.4498612054719505,1.747517339403335,6.979475021362305,-2.3482618,1.6150993,4.8825336
2786699000000,0.18333333333333332,-0.4546938470473049,1.757793320549234,6.979731559753418,-2.3784325,1.8503602,4.864884
2786731000000,0.17777777777777778,-0.4594462241676345,1.767211229733771,6.9800124168396,-2.4287395,2.0818348,4.84706
2786802000000,0.16666666666666666,-0.46801125484209627,1.777528331352423,6.980306625366211,-2.5229053,2.4857376,4.808358
2786832000000,0.16111111111111112,-0.47202136439815323,1.800109090036455,6.980880260467529,-2.5853047,2.5533178,4.8222036
2786866000000,0.16111111111111112,-0.47638745512451175,1.8133988571482904,6.9811811447143555,-2.6105638,2.5971909,4.827359
2786902000000,0.15555555555555556,-0.48020576622832156,1.8263862298766784,6.98142671585083,-2.6372313,2.6861072,4.830925
2786926000000,0.15,-0.485114505374292,1.8408998307498181,6.981683254241943,-2.648783,2.7737617,4.833729
2786959000000,0.1388888888888889,-0.48995205437187467,1.8568189010863196,6.981896877288818,-2.6117718,2.869878,4.839221
2787027000000,0.12777777777777777,-0.5,1.8906946186300828,6.982288360595703,-2.5097585,2.9336534,4.84024
2787056000000,0.11666666666666667,-0.505185023765304,1.9102877131634195,6.982444763183594,-2.3162827,2.9570937,4.8341312
2787099000000,0.10555555555555556,-0.5097055584261766,1.9285428670852272,6.982580661773682,-2.0439944,2.967266,4.8167176
2787132000000,0.1,-0.5141447780006301,1.947927096401305,6.98270320892334,-1.8952156,2.969829,4.790588
2787159000000,0.09444444444444444,-0.5202033662716871,1.9677375402380974,6.982786655426025,-1.7513309,2.9711466,4.73641
2787199000000,0.08888888888888889,-0.5254955154512428,2.0110977533365295,6.9829277992248535,-1.6417112,2.967093,4.6229186
2787264000000,0.06666666666666667,-0.5363852018265736,2.053877965815217,6.982998847961426,-0.9470038,2.9550142,4.186432
2787335000000,0.044444444444444446,-0.5484664144026199,2.0752112079871705,6.983018398284912,-0.3988694,2.952166,3.6869159
2787361000000,0.03888888888888889,-0.5526672248601663,2.0971665469660734,6.983039379119873,-0.41498575,2.951632,3.3890347
2787399000000,0.03888888888888889,-0.557338844062093,2.1410991431470703,6.98303747177124,-0.52714014,2.9427016,2.8267431
2787469000000,0.03333333333333333,-0.5657656315749034,2.182253997190044,6.983042240142822,-0.609882,2.9355621,2.0940294
2787504000000,0.03333333333333333,-0.5693064977844142,2.202730993327059,6.983040809631348,-0.64695585,2.9260652,1.7180138
2787567000000,0.027777777777777776,-0.5770552415823527,2.2240170335353695,6.983047962188721,-0.7898127,2.921429,1.122832
2787732000000,0.03333333333333333,-0.5795502771679827,2.3367019739256363,6.983051776885986,-0.4249578,2.7880607,-0.40389937
2787807000000,0.0,-0.593088500706382,2.354747837238363,6.983046531677246,-0.71467334,2.8493214,-1.2539217
2787837000000,0.0,-0.5946848796860746,2.3887932375442555,6.983057022094727,-0.47872823,2.80479,-1.4624336
2787877000000,-0.011111111111111112,-0.5949632989856338,2.4066453540173454,6.983050346374512,-0.3697911,2.8126411,-1.3306975
2787904000000,-0.011111111111111112,-0.5953926370399633,2.422143077193974,6.983067035675049,-0.22097763,2.793959,-1.3722649
2787943000000,-0.016666666666666666,-0.5965571981267613,2.437857278238321,6.983079433441162,-0.06501225,2.790025,-1.2372576
2787973000000,-0.016666666666666666,-0.5974125471785722,2.4532935583924114,6.983077526092529,0.09436371,2.769179,-1.2796007
2788033000000,-0.027777777777777776,-0.5988472375696529,2.4691020257552565,6.983087539672852,0.30506206,2.7742906,-0.8827507
2788080000000,-0.027777777777777776,-0.598421764040315,2.501882947478196,6.983099460601807,0.6815791,2.7029872,-1.1232375
2788116000000,-0.03333333333333333,-0.598421764040315,2.516939966308086,6.983124732971191,0.87238073,2.6809568,-0.99251366
2788148000000,-0.03888888888888889,-0.5916331038755557,2.532759236711912,6.983147144317627,1.0629117,2.6224174,-1.2446239
2788181000000,-0.03888888888888889,-0.5920644113772638,2.5481187774325016,6.983161926269531,1.2161294,2.5865993,-1.2775438
2788241000000,-0.03888888888888889,-0.5936516709297224,2.5637393731305997,6.983193874359131,1.369962,2.5541487,-1.2149688
2788273000000,-0.03888888888888889,-0.5920742606837234,2.5948569297556965,6.9832563400268555,1.6215459,2.4940748,-1.27618
2788306000000,-0.044444444444444446,-0.593689676649811,2.6096762615007614,6.983313083648682,1.7535727,2.4695597,-0.8820013
2788338000000,-0.05555555555555555,-0.5926825273488827,2.6240056161146783,6.983362674713135,1.8347893,2.4580548,-0.25715595
2788374000000,-0.05555555555555555,-0.593136346343006,2.6386161226509905,6.98342752456665,1.9227738,2.4272332,-0.11324525
2788410000000,-0.06111111111111111,-0.5946308851018328,2.654197861083914,6.983498573303223,1.991218,2.3927696,0.452054
2788481000000,-0.06666666666666667,-0.5963330659517899,2.6838615618351924,6.983636856079102,2.0558515,2.2899175,1.134436
2788517000000,-0.06666666666666667,-0.5975856399411572,2.7134804397933934,6.983818054199219,2.0203733,2.0945983,1.4561648
2788579000000,-0.07222222222222222,-0.602734586061814,2.729544533911531,6.983929634094238,1.8822851,1.8513433,1.7962683
2788608000000,-0.07222222222222222,-0.605764654930081,2.7443935371573187,6.984029769897461,1.767187,1.512645,1.9365611
2788643000000,-0.07222222222222222,-0.6088428790376123,2.7593896187473717,6.984125137329102,1.6170981,1.0083199,2.0485077
2788707000000,-0.08333333333333333,-0.6168976034874929,2.788337147461335,6.984341144561768,0.901285,-0.34499988,1.7545594
2788750000000,-0.1,-0.6221069330641686,2.8127880828089484,6.984574317932129,0.02322427,-1.1163105,0.8762925
2788811000000,-0.11666666666666667,-0.6281740758562369,2.8229938443036224,6.98470401763916,-0.7159057,-0.97186685,0.123031855
2788850000000,-0.14444444444444443,-0.6346740854809176,2.8309569438267665,6.984869003295898,-1.7228254,0.0416648,-0.7514315
2788884000000,-0.16111111111111112,-0.6383030311839755,2.8358470449924953,6.985044956207275,-2.0517862,0.6710396,-1.1281319
2788950000000,-0.20555555555555555,-0.6474626889838718,2.8392691861955672,6.985486030578613,-2.3730583,1.9383241,-1.029757
2788988000000,-0.2388888888888889,-0.6508231584757439,2.8399376496243667,6.985980033874512,-2.264899,2.357091,-0.42327252
2789155000000,-0.2777777777777778,-0.6548054874155551,2.851567766547343,6.986661434173584,-1.8762546,2.5530748,-0.13435832
2789178000000,-0.3,-0.6587536612483007,2.8643747949188376,6.986784934997559,-1.5111995,2.5713072,-0.31745583
2789253000000,-0.3111111111111111,-0.6602646969100462,2.871853528194237,6.98677921295166,-1.2679785,2.5614045,-0.5167257
2789284000000,-0.3111111111111111,-0.6611849066391593,2.880987275160759,6.986741065979004,-1.2649453,2.5714753,-0.5084403
2789320000000,-0.3111111111111111,-0.6601622924794756,2.9014690010974036,6.986562252044678,-1.275104,2.620764,-0.5287227
2789383000000,-0.31666666666666665,-0.6609973621542716,2.925377611602979,6.986257076263428,-1.1583998,2.6411815,-0.6797242
2789452000000,-0.3277777777777778,-0.6638825789216007,2.9379451482718313,6.986061096191406,-0.8775103,2.6084015,-0.93597007
2789482000000,-0.3333333333333333,-0.6634881582535317,2.9505869203169715,6.9858574867248535,-0.75375307,2.6118433,-1.0811787
2789512000000,-0.3333333333333333,-0.6638838942435561,2.9778191927645214,6.985396862030029,-0.78112704,2.6369393,-1.0899855
2789582000000,-0.34444444444444444,-0.6638852637159242,3.004472472551559,6.984921932220459,-0.5236944,2.612966,-1.2810279
2789649000000,-0.3611111111111111,-0.6655531544526352,3.0178501434549894,6.984677791595459,-0.10557766,2.531462,-1.4946499
2789684000000,-0.36666666666666664,-0.6645221357035385,3.031699713378626,6.984422206878662,0.014045911,2.5051827,-1.5467958
2789717000000,-0.37222222222222223,-0.6634595927324743,3.059479504295426,6.983944892883301,0.14107208,2.467177,-1.5707685
2789779000000,-0.38333333333333336,-0.6621183372329853,3.0859533549454032,6.983512878417969,0.3040655,2.4122677,-1.6453725
2789812000000,-0.3888888888888889,-0.661864319167775,3.0994113761858793,6.983302116394043,0.3657194,2.3862693,-1.6773477
2789881000000,-0.4111111111111111,-0.6605673589961812,3.1134038419472656,6.983095169067383,0.47625405,2.3279648,-1.8036981
2789920000000,-0.4111111111111111,-0.6602736248864343,3.1387699845728467,6.982789039611816,0.47654116,2.3242474,-1.7969182
2789954000000,-0.4222222222222222,-0.6613239836705862,3.1509909914397554,6.982668399810791,0.4998399,2.3041408,-1.851684
2789980000000,-0.42777777777777776,-0.6590751013214803,3.1636102926208314,6.982547283172607,0.49041998,2.307269,-1.8670691
2790015000000,-0.4388888888888889,-0.6577426154565209,3.1767484373151436,6.982444763183594,0.49898788,2.3049648,-1.9031365
2790084000000,-0.46111111111111114,-0.6588277444814465,3.188527192666812,6.982365131378174,0.6282009,2.2867665,-2.0090978
2790117000000,-0.4722222222222222,-0.6578423650701049,3.2006289095038416,6.98229455947876,0.72594875,2.2804759,-2.067412
2790149000000,-0.4777777777777778,-0.6576593115424345,3.223509750935944,6.98223876953125,0.78269774,2.2787266,-2.1102352
2790220000000,-0.5,-0.6561801567974666,3.2469438894754137,6.982213973999023,1.030558,2.2546556,-2.331302
2790249000000,-0.5111111111111111,-0.6557316250318929,3.258341401577463,6.982224464416504,1.1347836,2.2445953,-2.4894981
2790320000000,-0.5333333333333333,-0.6543059328348616,3.2695771942778635,6.982237339019775,1.217777,2.2517133,-2.8347745
2790344000000,-0.5388888888888889,-0.6530557591074956,3.291152356126773,6.982326507568359,1.1978207,2.267317,-2.9001021
2790379000000,-0.55,-0.6492780808165382,3.3024366395582683,6.982382297515869,1.1107079,2.307983,-3.001268
2790409000000,-0.5611111111111111,-0.6506426724712162,3.3125909333645214,6.982447624206543,1.0059727,2.3348575,-3.2216916
2790445000000,-0.5722222222222222,-0.6479133514941009,3.3231229025759594,6.982501029968262,0.82902664,2.3791823,-3.3558238
2790609000000,-0.5833333333333334,-0.6453665630534566,3.3637286617080586,6.982817649841309,0.6190151,2.406896,-3.521639
2790618000000,-0.6277777777777778,-0.6406314417088373,3.3739645902464988,6.982907772064209,-0.223876,2.5048227,-4.2633157
2790640000000,-0.6388888888888888,-0.6390765385646043,3.3840795974887614,6.982982158660889,-0.39119118,2.510798,-4.4027095
2790693000000,-0.6555555555555556,-0.6354292577992432,3.3943662598593765,6.983071327209473,-0.58601457,2.5081215,-4.5549207
2790724000000,-0.6722222222222223,-0.6370241018807359,3.40474480844524,6.983168125152588,-0.67049617,2.4326138,-4.6959405
2790786000000,-0.7,-0.6322287743185209,3.4235798903540244,6.983300685882568,-0.6916317,2.2639356,-4.8118644
2790822000000,-0.7166666666666667,-0.6312905230315474,3.4330486922384775,6.983348846435547,-0.5725858,2.0786648,-4.85218
2790850000000,-0.7333333333333333,-0.6282685992297092,3.442674714717374,6.983401775360107,-0.38838023,1.869597,-4.875611
2790879000000,-0.75,-0.6272654601788025,3.452598887391673,6.983445644378662,-0.17006609,1.5924869,-4.8959537
2790923000000,-0.7611111111111111,-0.6245625903208519,3.461443546357962,6.983475685119629,-0.03717302,1.442126,-4.9069867
3269131000000,0.32222222222222224,-0.08421677529878069,-0.01976645469692781,6.992630481719971,-0.11055889,2.9999764,4.8332005
3269363000000,0.32222222222222224,-0.08421677529878069,-0.019765556195631955,6.992652893066406,-0.05592835,2.9999766,4.831846
3269380000000,0.31666666666666665,-0.0854776182788184,-0.019905512490476524,6.992659091949463,0.37764207,2.99998,4.809185
3269430000000,0.32222222222222224,-0.08295526740924102,-0.018768319192008973,6.9926605224609375,-0.10376567,2.999975,4.8380957
3269490000000,0.32222222222222224,-0.08279023279417841,-0.016465674257307276,6.9926557540893555,-0.16636896,2.9999738,4.8440266
3269525000000,0.32222222222222224,-0.08513842122507718,-0.004820361183253931,6.992647647857666,-0.4498255,2.9999692,4.8626137
3269559000000,0.3277777777777778,-0.08872639713399938,0.004741523078639769,6.99263858795166,-1.0829595,2.9999623,4.88289
3269593000000,0.3277777777777778,-0.08962276628965624,0.014912153783762578,6.9926323890686035,-1.3209018,2.9999547,4.8953614
3269630000000,0.3333333333333333,-0.09335665849063052,0.026868069007465394,6.9926228523254395,-1.8712127,2.9999413,4.909691
3269660000000,0.3333333333333333,-0.09794029103934021,0.03935465661364047,6.992614269256592,-2.012235,2.9999366,4.9114566
3269734000000,0.3333333333333333,-0.10513691342250679,0.06888093706306044,6.99259090423584,-2.2335598,2.9999135,4.9128666
3269763000000,0.3333333333333333,-0.11127183213859347,0.0836321136663083,6.992581844329834,-2.2747846,2.9999115,4.901993
3269791000000,0.3388888888888889,-0.1134995886326782,0.09944164757454078,6.992568492889404,-2.471467,2.9998665,4.90156
3269833000000,0.3388888888888889,-0.11693235157830328,0.11507180456919396,6.9925537109375,-2.4701247,2.9998407,4.8885746
3269863000000,0.3388888888888889,-0.12252988375277059,0.1312978542419087,6.992539882659912,-2.4410386,2.9998257,4.863743
3269931000000,0.3388888888888889,-0.13070881927937264,0.16529689557234575,6.9925079345703125,-2.362216,2.9997315,4.809403
3269962000000,0.3388888888888889,-0.1319070867398529,0.18216732281097017,6.99249267578125,-2.3267708,2.9996028,4.7940187
3269999000000,0.3388888888888889,-0.1385492651736006,0.19873337674479225,6.99247407913208,-2.30448,2.9995513,4.748444
3270036000000,0.3388888888888889,-0.14420299913681683,0.21580601999324525,6.992453575134277,-2.3116302,2.999453,4.7039137
3270065000000,0.3388888888888889,-0.14863774888126452,0.23414852568474653,6.992429733276367,-2.34233,2.999259,4.6651216
3270133000000,0.34444444444444444,-0.16089319890042664,0.2510063766559882,6.992408275604248,-2.4672952,2.9992466,4.56456
3270162000000,0.3388888888888889,-0.16089319890042664,0.28594687471904834,6.992371082305908,-2.5055132,2.998167,4.5320096
3270197000000,0.3388888888888889,-0.16406025677698388,0.302974680410089,6.992349147796631,-2.5523882,2.997431,4.485093
3270232000000,0.3388888888888889,-0.1649078810939102,0.32049798906351923,6.992325305938721,-2.577303,2.996038,4.4618297
3270268000000,0.3388888888888889,-0.1729346003112806,0.339184526536798,6.99229621887207,-2.6196432,2.9954247,4.325836
3270301000000,0.35,-0.1873496513671747,0.35632927783640267,6.992268085479736,-2.7009044,2.9957802,4.1907816
3270369000000,0.3333333333333333,-0.1840888246639363,0.39147890808569386,6.9921979904174805,-2.512645,2.990346,3.9388828
3270399000000,0.3388888888888889,-0.18934449421761315,0.4092813991122983,6.99215841293335,-2.4523418,2.9881525,3.949747
3270407000000,0.34444444444444444,-0.19858077844571653,0.42821021903123946,6.992112159729004,-2.37563,2.9871366,3.9110503
3270469000000,0.34444444444444444,-0.20702547625451032,0.4455080042145565,6.992066383361816,-2.2241256,2.9860368,3.783438
3270507000000,0.34444444444444444,-0.21102041211412953,0.4634190787907971,6.992020606994629,-2.0081155,2.9823666,3.770069
3270673000000,0.3388888888888889,-0.2091881341864583,0.5534823660314915,6.991795539855957,-1.0135404,2.9412186,3.7783003
3270699000000,0.3388888888888889,-0.22667776371387968,0.5707011957768935,6.991753578186035,-1.3313416,2.9628866,3.6837852
3270739000000,0.3333333333333333,-0.22945691262530454,0.5885627526926526,6.991706848144531,-1.3727151,2.9705353,3.3961935
3270807000000,0.3333333333333333,-0.23600078909081315,0.6253056581588377,6.991610050201416,-1.4175942,2.9818778,3.1217587
3270838000000,0.3388888888888889,-0.23975352594970048,0.6632885643339822,6.991526126861572,-1.4559516,2.9874997,3.0449495
3270900000000,0.3277777777777778,-0.2434748371413352,0.6810136597823763,6.991494655609131,-1.6056924,2.9930596,2.4938188
3270936000000,0.3333333333333333,-0.2481874274657372,0.6995155960682595,6.991458415985107,-1.6972663,2.994384,2.5886269
3270972000000,0.3277777777777778,-0.2518395714007353,0.7358429229547706,6.991396903991699,-1.8661108,2.9962754,2.3601997
3271040000000,0.3277777777777778,-0.2579059856909753,0.7728274058311527,6.99134635925293,-2.04533,2.9968967,2.467918
3271096000000,0.32222222222222224,-0.261486672450497,0.7910859114150133,6.9913249015808105,-2.2277136,2.9968085,2.4878297
3271138000000,0.32222222222222224,-0.2636051160900962,0.8089924415657128,6.9913010597229,-2.3015437,2.9964905,2.6639378
3271167000000,0.31666666666666665,-0.2661400776046517,0.847026619880377,6.991257667541504,-2.5048862,2.9942849,3.0933952
3271240000000,0.3111111111111111,-0.27302449746871105,0.8836382789525633,6.991219997406006,-2.7105563,2.9907856,3.5381675
3271295000000,0.3055555555555556,-0.2789328915830743,0.9025010728894449,6.991199493408203,-2.8029823,2.9883037,3.7187898
3271339000000,0.3055555555555556,-0.2827887550720983,0.921031123826364,6.991167068481445,-2.835367,2.9872098,3.8654802
3271367000000,0.3,-0.2871151824651504,0.9607901915970211,6.991103649139404,-2.8846931,2.9828362,4.048886
3271436000000,0.28888888888888886,-0.2914114100126716,0.9991173821234537,6.9910430908203125,-2.9179993,2.977238,4.032181
3271464000000,0.28888888888888886,-0.29610275229442723,1.0182126852685796,6.9910125732421875,-2.93094,2.9782882,4.0039415
3271516000000,0.2833333333333333,-0.30261274110336134,1.037878799110743,6.9909772872924805,-2.9412522,2.9766424,3.9048524
3271567000000,0.2777777777777778,-0.31034387728977825,1.0784978561565988,6.990889549255371,-2.9492302,2.9710164,3.9229684
3271644000000,0.2722222222222222,-0.3184645169918151,1.1173730090636629,6.990817070007324,-2.9509187,2.9631062,4.1191607
3271678000000,0.26666666666666666,-0.3224342539067229,1.1371000388579144,6.990785121917725,-2.9469085,2.955584,4.304217
3271721000000,0.2611111111111111,-0.32812091040112534,1.1580325682755919,6.990748405456543,-2.9437528,2.9543605,4.493454
3271780000000,0.25555555555555554,-0.3361826351503251,1.1776029110231652,6.99070930480957,-2.9436445,2.9606438,4.6293416
3271813000000,0.25,-0.34011940613795094,1.217652802377507,6.99064826965332,-2.947657,2.962583,4.8200455
3271849000000,0.25,-0.3450565414235076,1.2380594953065767,6.990626335144043,-2.9559987,2.9642272,4.862005
3271881000000,0.24444444444444444,-0.3487523704033058,1.2596309336125855,6.990603446960449,-2.9616113,2.9577172,4.898985
3271917000000,0.2388888888888889,-0.3540664188178186,1.2797049054421201,6.9905781745910645,-2.970192,2.9494812,4.914006
3271953000000,0.23333333333333334,-0.35848901601397287,1.300920732927966,6.990544319152832,-2.9775014,2.933614,4.921785
3272017000000,0.22777777777777777,-0.3690488603234563,1.3212476670197182,6.990516185760498,-2.985351,2.9284036,4.917695
3272176000000,0.21666666666666667,-0.37380816901848885,1.4448248970646296,6.990374565124512,-2.9883401,2.24234,4.9438944
3272247000000,0.18888888888888888,-0.3942219792691761,1.4841824528048835,6.990350246429443,-2.923397,2.2972894,4.876916
3272279000000,0.17777777777777778,-0.39909868457367265,1.5037637152525807,6.990350723266602,-2.7826538,2.4463258,4.787828
3272316000000,0.17222222222222222,-0.4042322066517367,1.5234281863431411,6.990350246429443,-2.63153,2.5529222,4.702473
3272347000000,0.16111111111111112,-0.40948584558357237,1.543751701037372,6.990356922149658,-2.358997,2.6815805,4.537296
3272385000000,0.15555555555555556,-0.4144883141998159,1.5651321293142395,6.99036979675293,-2.2589378,2.7328944,4.4555817
3272429000000,0.15,-0.4197473002936245,1.6038329893462646,6.990417957305908,-2.235837,2.7387571,4.4196157
3272484000000,0.1388888888888889,-0.43023386490216,1.6422841382709763,6.990497589111328,-2.3320322,2.8353992,4.3626986
3272546000000,0.12777777777777777,-0.4392065654489351,1.6620837812392792,6.990542411804199,-2.410843,2.914799,4.3177853
3272585000000,0.12222222222222222,-0.44457215296790425,1.6834598076048257,6.990593910217285,-2.463853,2.9336643,4.341434
3272622000000,0.11666666666666667,-0.44920245598697073,1.703100491926339,6.990645408630371,-2.496425,2.9461958,4.3739023
3272687000000,0.10555555555555556,-0.4576213907301072,1.7429261349315768,6.990762710571289,-2.494883,2.9606764,4.4491777
3272719000000,0.1,-0.46149938718491496,1.7854463914632646,6.9908576011657715,-2.4936907,2.9606476,4.546391
3272760000000,0.08888888888888889,-0.4670110631022697,1.8057698901170538,6.990889072418213,-2.2709439,2.970416,4.562979
3272816000000,0.07222222222222222,-0.47672633234573775,1.8270215071670335,6.9909281730651855,-1.5574486,2.9783294,4.528243
3272854000000,0.06111111111111111,-0.48258579840692806,1.8700433942594519,6.990993976593018,-1.1583774,2.9781616,4.5059843
3272921000000,0.05,-0.4922636822214228,1.9142393473062986,6.991055965423584,-0.76419747,2.974836,4.340348
3272964000000,0.044444444444444446,-0.49890615267030847,1.936351824584059,6.991083145141602,-0.62247956,2.9714992,4.1553416
3272995000000,0.03888888888888889,-0.5032480318803172,1.957521003107581,6.991121768951416,-0.4822371,2.9660993,3.9572663
3273055000000,0.016666666666666666,-0.5127519457746086,1.9796317070922844,6.9911603927612305,0.055960078,2.9443655,3.3889997
3273098000000,0.016666666666666666,-0.5163470383287542,2.0237070713191754,6.991270065307617,-0.36866918,2.9279735,2.6332793
3273133000000,0.016666666666666666,-0.5198878956471785,2.045262437357358,6.991302013397217,-0.6108244,2.9161654,2.0933776
3273164000000,0.011111111111111112,-0.5245334830137802,2.067452853991345,6.991349697113037,-0.7900355,2.8930814,1.3007159
3273197000000,0.005555555555555556,-0.5276164460929986,2.0870148196159835,6.991405487060547,-0.93028414,2.8704166,0.59096926
3273269000000,-0.005555555555555556,-0.5328723495928124,2.10684724083539,6.991460800170898,-1.1094834,2.850673,-0.14606187
3273300000000,-0.011111111111111112,-0.5344629336652051,2.1434944643506735,6.991583824157715,-1.1718097,2.8301973,-0.8500587
3273337000000,-0.016666666666666666,-0.5345195051749566,2.16272491389964,6.991616249084473,-1.1514754,2.827684,-1.0598345
3273361000000,-0.027777777777777776,-0.5356805335345733,2.1795670779136698,6.991661548614502,-1.1627989,2.84102,-1.0763811
3273408000000,-0.03888888888888889,-0.5362937670848177,2.1965679073197313,6.991694927215576,-1.1356754,2.8530796,-0.9230833
3273435000000,-0.044444444444444446,-0.5368490108931159,2.2126779665592067,6.991727352142334,-1.082896,2.8550975,-0.8565568
3273591000000,-0.05555555555555555,-0.5380881200244676,2.296129547232604,6.991836071014404,-0.7150067,2.8117518,-1.2464644
3273617000000,-0.09444444444444444,-0.5401037074268171,2.3120719338614184,6.991853713989258,-0.54320186,2.9002469,-0.62042415
3273678000000,-0.1111111111111111,-0.5425217181294284,2.328545409827913,6.991860866546631,-0.20514634,2.9330862,-0.38770097
3273720000000,-0.11666666666666667,-0.5426657953437322,2.345995863320927,6.991871356964111,0.004679423,2.94009,-0.34061784
3273754000000,-0.11666666666666667,-0.5438912806955449,2.3796507912972653,6.991865158081055,0.15682092,2.9352465,-0.3524278
3273811000000,-0.13333333333333333,-0.5404873769356761,2.4138285100561685,6.991874694824219,0.6206971,2.9469895,0.038105182
3273847000000,-0.12777777777777777,-0.5466056732842195,2.4322648946754604,6.991885185241699,0.52036387,2.9367347,0.08976843
3273919000000,-0.15,-0.5397370486110816,2.449228889971178,6.991899490356445,0.63591397,2.9488912,0.36083496
3273951000000,-0.15,-0.5410510908160843,2.484718183418052,6.99191951751709,0.3945102,2.9368868,0.4971233
3273988000000,-0.15555555555555556,-0.5411944771365407,2.502576188405122,6.991943836212158,0.16846973,2.932879,0.5753059
3274022000000,-0.16111111111111112,-0.5423046095291628,2.521829815697364,6.991964340209961,-0.10229165,2.9282389,0.65506303
3274052000000,-0.16666666666666666,-0.5453558810159669,2.5396153159092907,6.99198579788208,-0.36126238,2.9254143,0.7275891
3274084000000,-0.17777777777777778,-0.5481030517905259,2.557802872366293,6.992021560668945,-0.6993932,2.9241257,0.69365156
3274157000000,-0.19444444444444445,-0.5523226477327515,2.5758616953789075,6.992028713226318,-1.0110409,2.9179668,0.4786145
3274182000000,-0.20555555555555555,-0.5551706329482278,2.6138075688296465,6.992057800292969,-1.2819891,2.9087267,0.41103706
3274223000000,-0.21666666666666667,-0.558021454219877,2.631497366634602,6.992064952850342,-1.3732268,2.8923745,0.1500721
3274245000000,-0.23333333333333334,-0.5602615276613847,2.649448132209784,6.992074012756348,-1.3556998,2.8464167,-0.34664255
3274286000000,-0.24444444444444444,-0.5632267150069773,2.6666263852728416,6.992089748382568,-1.2781634,2.7916784,-0.7077409
3274322000000,-0.25555555555555554,-0.564462076529411,2.684512009726539,6.992074489593506,-1.106201,2.7105546,-1.0304592
3274377000000,-0.2777777777777778,-0.5674234725226739,2.7190730065859054,6.992043495178223,-0.5189843,2.4028137,-1.6918807
3274421000000,-0.2833333333333333,-0.5673987477444057,2.73547005488756,6.992023468017578,-0.33057967,2.295444,-1.7836721
3274448000000,-0.29444444444444445,-0.5674963130276008,2.7508567883014385,6.992019176483154,0.017666657,2.0553439,-2.0520787
3274485000000,-0.3,-0.5677204465893474,2.7662281454406896,6.992007732391357,0.19704294,1.9329983,-2.1303298
3274529000000,-0.3055555555555556,-0.5662367101552521,2.7819567264934446,6.991991996765137,0.38296413,1.8224055,-2.1675527
3274594000000,-0.32222222222222224,-0.5660004139144514,2.7955574805727825,6.991994857788086,0.7191439,1.5602442,-2.440998
3274622000000,-0.3277777777777778,-0.5651141886830098,2.8217112575155854,6.992027282714844,0.88383293,1.5389822,-2.3870432
3274661000000,-0.3333333333333333,-0.564328093626545,2.833254202138311,6.992080211639404,0.98465514,1.5206442,-2.399862
3274683000000,-0.3388888888888889,-0.5626884641269636,2.8444437910910465,6.992142200469971,1.0861185,1.5188069,-2.399074
3274729000000,-0.35,-0.5617086434840685,2.8556065847840526,6.992210388183594,1.1822615,1.533046,-2.4664495
3274764000000,-0.35555555555555557,-0.5606979599271034,2.865055897416691,6.992300033569336,1.2368782,1.5653498,-2.4638524
3274914000000,-0.35,-0.5585679485968817,2.907510936356051,6.992936611175537,1.3805274,1.6712791,-2.0731804
3274964000000,-0.39444444444444443,-0.5557761515779951,2.9155549259622506,6.993054389953613,1.3799825,1.9110148,-2.3776145
3274990000000,-0.4,-0.5544343605976417,2.930827263114731,6.9933295249938965,1.4324222,1.9985998,-2.242507
3275065000000,-0.4111111111111111,-0.5520655537722523,2.946714055489326,6.993616580963135,1.4931324,2.1202428,-2.093198
3275105000000,-0.4166666666666667,-0.5519917684489424,2.9547255706140088,6.993760108947754,1.5085123,2.178867,-2.0192056
3275173000000,-0.43333333333333335,-0.5500545207067447,2.9630928734407616,6.993857383728027,1.555234,2.2961829,-1.9242401
3275195000000,-0.4388888888888889,-0.5506661120823537,2.9718408378513623,6.993973255157471,1.5739349,2.3480864,-1.8235962
3275238000000,-0.4444444444444444,-0.54730379977896,2.9910054972814657,6.994137763977051,1.6768523,2.420059,-1.5306838
3275302000000,-0.45555555555555555,-0.5476371492880036,3.01192641683688,6.994260787963867,1.6734352,2.4874895,-1.3479092
3275341000000,-0.46111111111111114,-0.5457446384421564,3.022899045372713,6.994258403778076,1.6733512,2.511475,-1.2692719
3275396000000,-0.4777777777777778,-0.5459307664279943,3.034316955960655,6.994271278381348,1.6552774,2.5719423,-1.1972169
3275439000000,-0.4777777777777778,-0.5447347873060064,3.057861644078864,6.994228363037109,1.5855277,2.5701475,-1.0594093
3275475000000,-0.4888888888888889,-0.5453348505821765,3.0710259391876327,6.994210243225098,1.5369937,2.6016946,-0.9879786
3275499000000,-0.49444444444444446,-0.544222876491153,3.083346987577241,6.994148254394531,1.4953427,2.6150303,-0.9133535
3275537000000,-0.5,-0.5464564619953388,3.0966234242616766,6.994060039520264,1.4244219,2.6212902,-0.87471664
3275603000000,-0.5166666666666667,-0.5466735800515043,3.1093406081701804,6.993992328643799,1.349101,2.6531029,-0.8993154
3275633000000,-0.5222222222222223,-0.5463664941786611,3.1373311028254216,6.993794918060303,1.2015252,2.6506414,-0.77609086
3275663000000,-0.5333333333333333,-0.5469013695024986,3.1505151451252917,6.99370813369751,1.094502,2.6624465,-0.8468955
3275706000000,-0.5388888888888889,-0.5474487061662455,3.1644455731125056,6.993597984313965,1.0015972,2.662765,-0.8746505
3275738000000,-0.55,-0.5480089439442719,3.1786607185301987,6.993473529815674,0.8577013,2.6715791,-1.0336909
3275803000000,-0.5611111111111111,-0.5482825749914342,3.1922770270234957,6.993366718292236,0.6841529,2.6814146,-1.2428987
3275835000000,-0.5777777777777777,-0.5476814956948831,3.22150864957373,6.993105888366699,0.35483366,2.700202,-1.5911593
3275865000000,-0.5833333333333334,-0.5493280444321629,3.235019503716936,6.992997646331787,0.24488546,2.7031448,-1.7571604
3275900000000,-0.5944444444444444,-0.5488745039443947,3.249106298577305,6.992867946624756,0.01540464,2.723494,-2.0507016
3275937000000,-0.6055555555555555,-0.5502608017655741,3.262621349839523,6.992741584777832,-0.19982961,2.7419934,-2.3870625
3275998000000,-0.6277777777777778,-0.5493471243270313,3.2766410461782414,6.9925971031188965,-0.5886246,2.7841697,-3.0019546
3276034000000,-0.6388888888888888,-0.5496673052436076,3.3042660546640334,6.992329120635986,-0.72634804,2.7992406,-3.324052
3276075000000,-0.6555555555555556,-0.547916701599321,3.3178401135429443,6.992196083068848,-0.8907174,2.8175333,-3.725724
3276100000000,-0.6666666666666666,-0.5472648492902132,3.3308181955499663,6.992068290710449,-0.9381271,2.8212256,-3.9755588
3276130000000,-0.6777777777777778,-0.5444908104523265,3.34396349236814,6.991945743560791,-0.9291445,2.8211799,-4.171361
3276308000000,-0.7055555555555556,-0.5462944987283187,3.422925348131489,6.991192817687988,-0.50972086,2.7448506,-4.6461062
3276313000000,-0.7166666666666667,-0.5459279690830064,3.422925348131489,6.991192817687988,-0.33674273,2.7025328,-4.7082386
3276369000000,-0.7555555555555555,-0.5368642352037204,3.4362825269640105,6.991074562072754,0.35157835,2.5190728,-4.7749424
3276398000000,-0.7666666666666667,-0.5293977448990238,3.449401064132818,6.990968227386475,0.57352126,2.4645212,-4.781955
3276471000000,-0.7888888888888889,-0.5238463865873618,3.4727094749266803,6.990777969360352,0.7751465,2.2980773,-4.8299255
3276509000000,-0.7888888888888889,-0.5182586739388085,3.495168276454871,6.990634441375732,0.87748843,2.227903,-4.844473
3276580000000,-0.8111111111111111,-0.5138373807418705,3.5058381190622265,6.990583419799805,0.9875746,2.018196,-4.8823495
3276614000000,-0.8166666666666667,-0.5057094412928237,3.515357658582271,6.9905595779418945,1.1852062,1.8822691,-4.8909783
3276647000000,-0.8222222222222222,-0.5059218735850471,3.5247701615956846,6.990555763244629,1.2084634,1.7397852,-4.909987
3276706000000,-0.7166666666666667,-0.9908625446666869,3.542073230376872,6.990623950958252,0.53796643,-1.6109352,-4.998461
3276734000000,-0.7222222222222222,-0.9936340144701835,3.5567723288204713,6.990764617919922,0.55883276,-1.8215958,-4.9986176
3276813000000,-0.75,-0.9926405616958646,3.562379988766342,6.990868091583252,0.75556165,-2.166368,-4.999052
3276845000000,-0.7666666666666667,-0.9921408959050637,3.565151160427062,6.991030693054199,0.7881934,-2.3329468,-4.9992332
