3815039000000,0.10555555555555556,0.1222615650194388,-0.01690323240972412,6.996438026428223,-0.46385223,2.9774082,4.999113
3815245000000,0.10555555555555556,0.1222615650194388,-0.017192741235724403,6.996818542480469,-0.46530274,2.9773955,4.9991136
3815324000000,0.1,0.1195938020431694,-0.015556597323212353,6.996920108795166,-0.5447679,2.9762669,4.999092
3815353000000,0.09444444444444444,0.11837669555487211,-0.012121113161683588,6.996958255767822,-0.5731556,2.9755259,4.9991293
3815421000000,0.09444444444444444,0.10983286890560874,-0.006357806774202743,6.997004508972168,-0.8014367,2.9708254,4.998539
3815445000000,0.08888888888888889,0.10513691342250679,0.010387016287418515,6.997076988220215,-0.919093,2.9655657,4.9980516
3815525000000,0.08333333333333333,0.11047617987002904,0.03370359919245753,6.997157573699951,-0.79094815,2.9652505,4.9985595
3815549000000,0.08333333333333333,0.10720050351220181,0.04710087110255388,6.997193813323975,-0.8622942,2.9605632,4.997991
3815622000000,0.07777777777777778,0.10100307689802576,0.062262511693453176,6.997236728668213,-0.97318435,2.9534643,4.996773
3815655000000,0.08333333333333333,0.09516131825083976,0.07663289845267311,6.997262477874756,-1.0678709,2.9426386,4.993062
3815682000000,0.08333333333333333,0.09104737038478009,0.10724988541067453,6.997316360473633,-1.0758042,2.930563,4.9853377
3815752000000,0.07777777777777778,0.08388246409181413,0.14077492881744097,6.997371673583984,-1.0708861,2.9242146,4.9602146
3815788000000,0.07777777777777778,0.07805858323662594,0.15682369612444488,6.99738883972168,-1.1104556,2.919155,4.916309
3815854000000,0.08333333333333333,0.06931480766265898,0.17358975991868958,6.997413158416748,-1.219838,2.9044306,4.763339
3815883000000,0.08333333333333333,0.0644757740523207,0.206717545738814,6.997445583343506,-1.3203784,2.8930357,4.5625763
3815917000000,0.08333333333333333,0.060631316035827845,0.2236172532964472,6.997463703155518,-1.4186127,2.8802009,4.4209566
3815955000000,0.08333333333333333,0.055498511626727996,0.24157658154394898,6.997477054595947,-1.5495822,2.8563023,4.2709947
3815987000000,0.08333333333333333,0.053036653613590404,0.2579395845873587,6.997487545013428,-1.6328934,2.821108,4.2725573
3816025000000,0.08333333333333333,0.0466881817573292,0.27487493974197,6.9975056648254395,-1.7708477,2.7511702,4.2285857
3816086000000,0.08333333333333333,0.03900753811408101,0.2911646649439961,6.997504234313965,-1.9025373,2.6222925,4.2217274
3816125000000,0.08333333333333333,0.03381706086429814,0.32557680633779207,6.997520923614502,-1.9272852,2.057008,4.520313
3816148000000,0.08333333333333333,0.031283963157902564,0.34155807382919473,6.997507095336914,-1.8927823,1.5823262,4.614952
3816187000000,0.08333333333333333,0.026183570508770515,0.35779897264298866,6.997503280639648,-1.8394768,0.97189397,4.649633
3816215000000,0.08888888888888889,0.01968299711148976,0.37301631299110516,6.997498989105225,-1.6822801,0.38327968,4.6098375
3816282000000,0.08888888888888889,0.006603702683017016,0.3876447592889338,6.997483253479004,-1.5279887,0.12016551,4.4017653
3816318000000,0.10555555555555556,-0.0013207860144438162,0.40177514177536117,6.9974822998046875,-0.9501431,-0.16256575,4.093416
3816350000000,0.10555555555555556,-0.007907913400396498,0.42320543626814483,6.997474670410156,-0.47709304,-0.23500192,3.8336232
3816383000000,0.1,-0.013124321259184847,0.4315005411365149,6.9974846839904785,-0.31213015,-0.0637626,3.5008607
3816416000000,0.1,-0.01837155168986505,0.43845855566175157,6.997485160827637,-0.04618043,0.09032219,3.0377614
3816454000000,0.1,-0.023567737740682857,0.444435148595668,6.997496604919434,0.2096854,0.26328924,2.4474492
3816490000000,0.1,-0.026183570508770515,0.448811095990603,6.99752140045166,0.3820464,0.3395993,2.0980728
3816639000000,0.10555555555555556,-0.0314771579441392,0.463514887680827,6.997591495513916,0.8507643,0.4478541,1.5005976
3816692000000,0.09444444444444444,-0.043072661622191,0.46573100795829053,6.997589588165283,0.89386034,0.9451356,-0.6363169
3816715000000,0.09444444444444444,-0.04428309570057425,0.4677822050642284,6.99758768081665,0.89653206,0.9912384,-0.7779261
3816785000000,0.08888888888888889,-0.04558115622845741,0.4702297655662065,6.997583389282227,0.7843592,1.0505514,-1.0671122
3816819000000,0.09444444444444444,-0.05066611208235372,0.4759598326945677,6.997560024261475,0.8574195,1.2668021,-1.4832927
3816850000000,0.08888888888888889,-0.04957419567185768,0.47922385599992107,6.997541427612305,0.6944273,1.2267536,-1.3956397
3816888000000,0.09444444444444444,-0.04957419567185768,0.48269475930715566,6.997521877288818,0.7239912,1.2371469,-1.1204315
3816919000000,0.09444444444444444,-0.0494730181262854,0.48679465457523924,6.9974894523620605,0.654289,1.2391398,-0.9776145
3816948000000,0.08888888888888889,-0.0494730181262854,0.4917608484299608,6.9974589347839355,0.47930664,1.2446285,-0.99283344
3816993000000,0.08888888888888889,-0.050769496886641244,0.5026166117622568,6.997393608093262,0.33360374,1.312064,-0.8569125
3817059000000,0.08888888888888889,-0.05206555377225218,0.5144661680716303,6.997316837310791,0.17834356,1.373167,-0.6870944
3817127000000,0.08888888888888889,-0.05206555377225218,0.5209059421341893,6.997265338897705,0.10006538,1.3596584,-0.4947673
3817154000000,0.08888888888888889,-0.042984666261641755,0.5280729108568031,6.997214317321777,-0.13323402,0.74700904,1.2144171
3817191000000,0.08888888888888889,-0.05336117825092812,0.5348830004976053,6.99716854095459,-0.027023256,1.3889339,-0.30285412
3817262000000,0.08888888888888889,-0.0466881817573292,0.5492684436767997,6.997045040130615,-0.23036492,0.8107872,1.1512129
3817283000000,0.08888888888888889,-0.04937225190580566,0.5563742351043208,6.996996879577637,-0.25899547,0.9471208,0.91038615
3817298000000,0.08888888888888889,-0.04807798290570544,0.5638948883827737,6.996933937072754,-0.3253385,0.7624224,1.287271
3817365000000,0.08333333333333333,-0.053036653613590404,0.5707920367875176,6.996876239776611,-0.36101884,1.1473126,0.4099118
3817398000000,0.08888888888888889,-0.055723883229692225,0.577675402816375,6.996824741363525,-0.3174509,1.2639651,0.37432176
3817465000000,0.08333333333333333,-0.05806586009963076,0.5908015523579851,6.99671745300293,-0.43419054,1.3971258,0.009734544
3817487000000,0.08333333333333333,-0.059348829714575405,0.6039208158785344,6.996610164642334,-0.41824892,1.4160343,-0.025565177
3817559000000,0.08333333333333333,-0.06191330893293099,0.6104071696456257,6.996575355529785,-0.4024545,1.5868367,-0.35684854
3817591000000,0.08333333333333333,-0.06191330893293099,0.617374815191406,6.996522903442383,-0.3573264,1.5552989,-0.31682283
3817656000000,0.08333333333333333,-0.06178851211563862,0.6324807886275562,6.99643087387085,-0.25043505,1.4922192,-0.2370517
3817693000000,0.07777777777777778,-0.06166421581354153,0.647904563355645,6.996335029602051,-0.18811816,1.5130874,-0.5651166
3817762000000,0.07777777777777778,-0.06306745199587659,0.6563252516020389,6.99630880355835,-0.1323717,1.6237686,-0.77753234
3817797000000,0.07777777777777778,-0.06549188468372083,0.6646688860523396,6.9962615966796875,-0.08240053,1.8097515,-1.1410587
3817831000000,0.07777777777777778,-0.06549188468372083,0.6814655277467598,6.9961838722229,0.036813423,1.8431056,-1.1653718
3817895000000,0.07777777777777778,-0.06421650916839891,0.6995885281486892,6.996100425720215,0.14349498,1.8235513,-0.99996066
3817931000000,0.07222222222222222,-0.06562379015300558,0.7082918508266169,6.996074199676514,0.08097909,2.003292,-1.6547889
3818081000000,0.07777777777777778,-0.06421650916839891,0.7577063467386399,6.995887279510498,-0.114030674,2.1498036,-0.89048815
3818131000000,0.07222222222222222,-0.06549188468372083,0.7679421107667063,6.995855331420898,-0.27495393,2.305402,-1.6127222
3818194000000,0.07222222222222222,-0.06562379015300558,0.778745418842864,6.995823383331299,-0.38205236,2.3580427,-1.6995647
3818230000000,0.07222222222222222,-0.06421650916839891,0.8005095176174316,6.995779514312744,-0.55790365,2.3775883,-1.7593895
3818262000000,0.07222222222222222,-0.06421650916839891,0.8126975914510056,6.995754718780518,-0.6308712,2.4066544,-2.0014727
3818297000000,0.06666666666666667,-0.06421650916839891,0.8239992013885342,6.995738983154297,-0.7003696,2.460312,-2.7076335
3818332000000,0.06666666666666667,-0.062814287951649,0.8360045122716641,6.9957146644592285,-0.7155104,2.419303,-2.799261
3818366000000,0.06666666666666667,-0.06154041703100559,0.8479999043468631,6.995700836181641,-0.70894456,2.3722126,-2.9242704
3818429000000,0.06666666666666667,-0.05783206944567307,0.8606646336196018,6.995667934417725,-0.66754323,2.1967041,-2.7464395
3818471000000,0.06111111111111111,-0.05783206944567307,0.8864287294458354,6.995626449584961,-0.5061236,2.1981544,-3.6552203
3818496000000,0.06111111111111111,-0.05527495111690936,0.8992173768376438,6.99560022354126,-0.41665024,2.0474267,-3.6067116
3818532000000,0.06111111111111111,-0.05538650634889279,0.9116345916426426,6.995579242706299,-0.33771428,2.0509033,-3.7698812
3818575000000,0.05555555555555555,-0.052822482928918175,0.9242121868500269,6.995567321777344,-0.17928688,1.9243472,-3.9272661
3818599000000,0.05555555555555555,-0.04897325061218775,0.9373859482054255,6.995542049407959,-0.0018319653,1.6722454,-3.7476993
3818671000000,0.05555555555555555,-0.046593433356694115,0.9604851611122793,6.995520114898682,0.33187062,1.5415149,-3.703884
3818706000000,0.05555555555555555,-0.04401339087386999,0.9713806364829838,6.99550724029541,0.5088899,1.3684181,-3.5362136
3818739000000,0.05,-0.04280974815316559,0.9819388729785791,6.995513916015625,0.7343887,1.2985268,-3.6701303
3818777000000,0.05,-0.04022233864974775,0.9929023630887782,6.995514392852783,0.9169877,1.0978141,-3.453576
3818811000000,0.05,-0.037710378479473325,1.002455768243062,6.995511054992676,1.0699929,0.88757753,-3.2041574
3818873000000,0.044444444444444446,-0.045674431507250625,1.0196994573953966,6.995547294616699,1.2392898,1.631479,-3.856557
3818906000000,0.044444444444444446,-0.04558115622845741,1.035123587630878,6.995615482330322,1.3274922,1.6294631,-3.7237957
3818948000000,0.03888888888888889,-0.04177123063360395,1.0419278533309826,6.995640754699707,1.4477994,1.324805,-3.548126
3819014000000,0.03888888888888889,-0.03786488232103756,1.0487835730524957,6.995665073394775,1.4911356,0.9860126,-3.175712
3819058000000,0.03888888888888889,-0.03388622743631594,1.061740825290048,6.995753765106201,1.5024097,0.64400613,-2.594819
3819096000000,0.03888888888888889,-0.03395567725428366,1.0685682905930745,6.995803356170654,1.4646833,0.6653466,-2.4363365
3819127000000,0.03333333333333333,-0.029982433110998526,1.0743770653728688,6.99586820602417,1.4684474,0.29607698,-2.074776
3819160000000,0.03333333333333333,-0.02868065219371832,1.080393700130806,6.99591064453125,1.3973081,0.20649791,-1.710093
3819195000000,0.03333333333333333,-0.0274347806712293,1.0855292447017924,6.995965480804443,1.3062643,0.12689465,-1.3326163
3819259000000,0.03333333333333333,-0.026129865902696912,1.0905087001664846,6.99600887298584,1.1933011,0.054293245,-0.90756905
3819283000000,0.027777777777777776,-0.02487575917484719,1.0983149756831663,6.996143341064453,0.93236136,-0.01463813,-0.48443532
3819438000000,0.027777777777777776,-0.023567737740682857,1.1074153307405605,6.99641227722168,0.18014047,0.1081211,0.58777565
3819496000000,0.027777777777777776,-0.026183570508770515,1.109730618408292,6.996581077575684,-0.2054632,0.3780662,0.6094336
3819526000000,0.022222222222222223,-0.026291644349508817,1.110646983490958,6.9966559410095215,-0.3571697,0.36612403,0.50492054
3819561000000,0.022222222222222223,-0.027547772904696267,1.1116894222610827,6.996734619140625,-0.52310944,0.4883657,0.5133715
3819590000000,0.022222222222222223,-0.027547772904696267,1.113097804514627,6.996779441833496,-0.6777522,0.55609614,0.7187996
3819626000000,0.022222222222222223,-0.030229851025374583,1.1146024005208173,6.996836185455322,-0.75938976,0.69563603,0.4959685
3819691000000,0.022222222222222223,-0.030167614799106623,1.1177013326604246,6.996955394744873,-0.88486844,0.7531087,0.7934692
3819728000000,0.022222222222222223,-0.031412495312903056,1.1219851522630147,6.997049331665039,-0.8850527,0.79311574,0.7247094
3819759000000,0.016666666666666666,-0.0314771579441392,1.1219851522630147,6.997049331665039,-0.82697314,0.6920222,0.55716026
3819802000000,0.016666666666666666,-0.032652024494073985,1.1252413888359474,6.9970598220825195,-0.77501166,0.7046845,0.52635103
3819830000000,0.016666666666666666,-0.035259045029126905,1.1284873627977237,6.997061252593994,-0.67690825,0.73256016,0.2545784
3819867000000,0.016666666666666666,-0.035259045029126905,1.1317950390520142,6.997086048126221,-0.6224515,0.7076632,0.39262915
3819940000000,0.011111111111111112,-0.035259045029126905,1.1386427069671814,6.997094631195068,-0.4148019,0.561626,0.4665345
3819967000000,0.011111111111111112,-0.03641290527795115,1.1466227812735796,6.99705171585083,-0.18936883,0.52011573,0.62049794
3820033000000,0.011111111111111112,-0.037710378479473325,1.1503886749355827,6.997042655944824,-0.06996223,0.5131564,0.5874732
3820071000000,0.005555555555555556,-0.04038674326739482,1.1545730919868493,6.997014999389648,0.14587641,0.4582554,0.30709985
3820101000000,0.011111111111111112,-0.04038674326739482,1.1617997905453972,6.996968746185303,0.17871419,0.4687737,0.6847432
3820165000000,0.005555555555555556,-0.042984666261641755,1.1689553947219948,6.99689245223999,0.3968985,0.39065382,0.58920604
3820200000000,0.005555555555555556,-0.042984666261641755,1.1724561566037428,6.996877193450928,0.39365524,0.36051852,0.7288227
3820273000000,0.0,-0.04687883721387165,1.1757076834161144,6.9968438148498535,0.58405,0.33563367,0.36544567
3820295000000,0.0,-0.04807798290570544,1.1815795077445412,6.996801853179932,0.54893255,0.2754013,0.41019803
3820342000000,0.0,-0.04807798290570544,1.1844012630600105,6.996774196624756,0.5029183,0.24029997,0.49766904
3820363000000,0.0,-0.04937225190580566,1.1872868778250079,6.996738433837891,0.49578694,0.21501815,0.41813558
3820397000000,0.0,-0.05325256402525645,1.1898160357594483,6.996732234954834,0.56008273,0.20939252,0.0005354732
3820473000000,-0.005555555555555556,-0.054545134873949845,1.1921332809291258,6.996711730957031,0.6225271,0.20512983,0.010189624
3820497000000,-0.005555555555555556,-0.054545134873949845,1.194191065092892,6.9966912269592285,0.5563634,0.17215064,0.054069065
3820569000000,-0.005555555555555556,-0.057128914193163245,1.1976017701148385,6.996683120727539,0.5159983,0.15479717,-0.16398394
3820600000000,-0.011111111111111112,-0.05325256402525645,1.2010692265073133,6.996658802032471,0.34629694,0.07897334,0.44071114
3820641000000,-0.011111111111111112,-0.054434360597641764,1.2026360523684572,6.996650218963623,0.30954763,0.076194465,0.3357105
3820681000000,-0.011111111111111112,-0.05701294758773688,1.2037875770762383,6.996673107147217,0.3112347,0.09757331,0.07261562
3820834000000,-0.011111111111111112,-0.058301543351293755,1.2094575962593805,6.99677848815918,-0.051146753,0.051595785,0.0109036835
3820885000000,-0.016666666666666666,-0.0595896602227411,1.2101437933283512,6.996822834014893,0.022522248,0.11455471,0.017114438
3820947000000,-0.016666666666666666,-0.059469001857565866,1.2108406035006658,6.996869087219238,-0.041050453,0.10610647,0.036645696
3820983000000,-0.016666666666666666,-0.06216441621598092,1.2121640375669407,6.996941566467285,-0.028929427,0.15491986,-0.17717071
3821021000000,-0.022222222222222223,-0.060754053775563775,1.2134757752104772,6.997008323669434,0.020626023,0.18975419,0.11481256
3821052000000,-0.022222222222222223,-0.060754053775563775,1.2134757752104772,6.997008323669434,0.0030353488,0.18737647,0.1284867
3821085000000,-0.022222222222222223,-0.06216441621598092,1.214139156793723,6.997050762176514,0.032680333,0.22469604,0.030424444
3821122000000,-0.022222222222222223,-0.06203860928507336,1.2148112868536345,6.997092247009277,0.022664396,0.21894215,0.06409078
3821179000000,-0.027777777777777776,-0.06191330893293099,1.2154280731023488,6.997130870819092,0.10821304,0.29776952,0.24522246
3821210000000,-0.027777777777777776,-0.06191330893293099,1.2177890808253187,6.997178077697754,0.11084722,0.29340386,0.33487412
3821246000000,-0.027777777777777776,-0.06319479829922775,1.2187930097588529,6.997209072113037,0.13443875,0.33669344,0.2692372
3821274000000,-0.027777777777777776,-0.0644757740523207,1.2200616078439248,6.997242450714111,0.14926244,0.3809061,0.2144242
3821311000000,-0.027777777777777776,-0.0644757740523207,1.2213657507194327,6.997278213500977,0.12954178,0.37702104,0.2582077
3821348000000,-0.03333333333333333,-0.06460619043835879,1.2225597073611771,6.997304916381836,0.20817979,0.4875033,0.44966018
3821411000000,-0.03333333333333333,-0.06575622613452907,1.2244039156145416,6.997318267822266,0.21298327,0.5344856,0.4329241
3821449000000,-0.03333333333333333,-0.06575622613452907,1.2281686500060807,6.997345924377441,0.16219667,0.52687156,0.5636371
3821474000000,-0.03333333333333333,-0.06717166428467797,1.2303203052015623,6.997359752655029,0.14685184,0.5848268,0.5378276
3821515000000,-0.03333333333333333,-0.06562379015300558,1.2324228671047663,6.997371673583984,0.08138416,0.5155201,0.7154633
3821550000000,-0.03333333333333333,-0.06562379015300558,1.2347707710364326,6.997386455535889,0.036793396,0.5144904,0.7947968
3821580000000,-0.03888888888888889,-0.06690116845663772,1.2376443091785116,6.99739408493042,0.11145506,0.69026566,0.9709003
3821650000000,-0.03888888888888889,-0.06817800630345563,1.2436172495901565,6.997395038604736,0.01752051,0.75022435,1.0974002
3821681000000,-0.03888888888888889,-0.0694542937704652,1.2497693092726148,6.997448921203613,-0.08797181,0.8137398,1.2391702
3821747000000,-0.03888888888888889,-0.06931480766265898,1.253156032029269,6.997481346130371,-0.15562376,0.8136937,1.370936
3821784000000,-0.044444444444444446,-0.07058801458172467,1.257354162897043,6.99753475189209,-0.122261554,1.0084171,1.5970943
3821818000000,-0.044444444444444446,-0.07186065475323918,1.2611477396537079,6.997569561004639,-0.17569247,1.073905,1.6686481
3821876000000,-0.044444444444444446,-0.07552362987875591,1.269549903522101,6.997660160064697,-0.2688728,1.2522101,1.8033361
3821908000000,-0.044444444444444446,-0.07537278483850811,1.2795064881693061,6.9977898597717285,-0.40610576,1.2711858,2.195832
3821988000000,-0.044444444444444446,-0.07774758439765021,1.2847914829920168,6.997817516326904,-0.43983406,1.3792101,2.2949166
3822021000000,-0.05,-0.08011068717350914,1.2908071616758903,6.9978718757629395,-0.4075479,1.5996444,2.5061498
3822047000000,-0.05,-0.08136858776726225,1.2969303863666668,6.997913837432861,-0.45664138,1.6549473,2.673118
3822220000000,-0.05,-0.0871300357233674,1.3340512804263773,6.997960567474365,-0.66495234,1.9150379,3.5520153
3822245000000,-0.05555555555555555,-0.09086809979139569,1.3421645591233926,6.997921943664551,-0.56679344,2.0599396,3.5903823
3822277000000,-0.05555555555555555,-0.09175154065389787,1.3591328673581287,6.997773170471191,-0.6523867,2.1146986,3.8540583
3822352000000,-0.05555555555555555,-0.10001950136179229,1.3790321333500244,6.997584819793701,-0.7847781,2.2197006,3.8043852
3822385000000,-0.05555555555555555,-0.10105214578742824,1.3893445818126295,6.997458457946777,-0.92329895,2.2417243,3.8696268
3822454000000,-0.06111111111111111,-0.10797985363515356,1.4001299428848262,6.997347831726074,-0.8363743,2.268662,3.6063032
3822488000000,-0.06111111111111111,-0.11141381336661027,1.4226419594075452,6.997065544128418,-1.0965215,2.3018408,3.6357613
3822522000000,-0.05555555555555555,-0.11942474601615172,1.435012418085965,6.996937274932861,-1.1636906,2.303275,3.3640676
3822558000000,-0.06111111111111111,-0.11701802879092263,1.4468902342222727,6.9967827796936035,-1.2444367,2.3246217,3.5496283
3822586000000,-0.06111111111111111,-0.11919691290129732,1.459386660795965,6.996614933013916,-1.3042858,2.3253832,3.5288978
3822662000000,-0.06666666666666667,-0.1270943801864375,1.4718452135845543,6.996482849121094,-1.066073,2.2948818,3.096817
3822698000000,-0.06666666666666667,-0.13016743259828698,1.4969564539651876,6.996191501617432,-1.1182336,2.2467403,3.1288385
3822727000000,-0.06666666666666667,-0.13724813955887402,1.510552338131687,6.996039390563965,-0.9099492,2.1498437,2.7829483
3822755000000,-0.07222222222222222,-0.1346384495804189,1.5232751727948937,6.995896816253662,-0.8720375,2.1578026,3.1650586
3822786000000,-0.07222222222222222,-0.13581509362048522,1.5362501733287213,6.995777130126953,-0.82636297,2.1049368,3.2947562
3822849000000,-0.07222222222222222,-0.14698014221296696,1.548952966572585,6.995644569396973,-0.37177908,1.8877537,2.7575288
3822896000000,-0.07777777777777778,-0.14698014221296696,1.5619175790562727,6.995519161224365,-0.23337771,1.879607,3.0284047
3822930000000,-0.07222222222222222,-0.15826067303942024,1.5875689436208598,6.995311260223389,0.07833969,1.2796617,2.8009644
3822965000000,-0.08333333333333333,-0.1516216808802303,1.6000751153915953,6.995208263397217,0.065025315,1.6416306,3.4022803
3822988000000,-0.07222222222222222,-0.16399813714174974,1.6117264885962217,6.995135307312012,0.30858645,0.779747,3.0208712
3823034000000,-0.07777777777777778,-0.1677355319467954,1.6235732797344171,6.995056629180908,0.5305854,0.7307452,3.0881908
3823063000000,-0.07777777777777778,-0.16970848447766274,1.6350870281145626,6.994992256164551,0.523715,0.45724505,3.2271328
3823135000000,-0.08888888888888889,-0.17539099458311902,1.644906027420968,6.994960784912109,0.79550934,0.72703946,3.159722
3823159000000,-0.09444444444444444,-0.17798080790752016,1.6618237555802597,6.994941711425781,0.6834589,0.61280346,3.3173728
3823195000000,-0.1,-0.1813752498327105,1.6761322601622193,6.994974613189697,0.6880573,0.7130337,3.298012
3823226000000,-0.1,-0.18024493638557856,1.6761322601622193,6.994974613189697,0.49507433,0.51035774,3.4346757
3823260000000,-0.1,-0.1877911381900699,1.6817392982858794,6.995035648345947,0.5157021,0.28768286,3.476156
3823288000000,-0.1,-0.1926129437038919,1.6870616661219597,6.995085716247559,0.4304415,0.11355783,3.55936
3823357000000,-0.10555555555555556,-0.19858077844571653,1.691771138842195,6.995148658752441,0.40846562,0.35224292,3.4754908
3823392000000,-0.1111111111111111,-0.20703813615094885,1.7001303885365053,6.995306015014648,0.17832004,0.6325876,3.3814752
3823555000000,-0.11666666666666667,-0.20189567009464263,1.7099759246027768,6.995697498321533,-0.7084406,0.87815684,3.4706278
3823590000000,-0.12222222222222222,-0.22115277263675368,1.7141841685172081,6.995896339416504,-0.46332183,1.553755,3.059042
3823626000000,-0.12777777777777777,-0.21998751505027692,1.7182664590490524,6.9961090087890625,-0.66484654,1.7912183,3.0454917
3823692000000,-0.12777777777777777,-0.22773832276145245,1.7209175398743433,6.9961957931518555,-0.49949536,1.9129143,3.097107
3823726000000,-0.12777777777777777,-0.23011325845654684,1.7245356243916705,6.996311187744141,-0.4937411,2.0014374,3.2451792
3823763000000,-0.12777777777777777,-0.23391108830969343,1.7291598255494702,6.996382236480713,-0.3733407,2.101483,3.3871768
3823801000000,-0.12777777777777777,-0.23623221443579057,1.740948203657806,6.996458053588867,-0.23612295,2.2705135,3.6926384
3823865000000,-0.12777777777777777,-0.24408911478157905,1.7558048690230883,6.996462821960449,0.2980142,2.4755583,3.9826405
3823900000000,-0.12777777777777777,-0.24735036380140799,1.764719168518822,6.9964728355407715,0.5769745,2.575921,4.134125
3823957000000,-0.12777777777777777,-0.25661660339447045,1.773820115763772,6.996440887451172,1.145865,2.6930406,4.260588
3823997000000,-0.12777777777777777,-0.26161518204392487,1.7840528686451116,6.996372222900391,1.4709332,2.775915,4.3820057
3824037000000,-0.12777777777777777,-0.26515112164400956,1.805605024110799,6.996250152587891,1.7582817,2.8696444,4.567781
3824102000000,-0.12777777777777777,-0.27310786214256716,1.8297486725509466,6.9960737228393555,1.9442364,2.9292128,4.698473
3824134000000,-0.12222222222222222,-0.27796548309000035,1.8424958994572755,6.995967864990234,1.838199,2.9374437,4.7674065
3824203000000,-0.12777777777777777,-0.28901879568703903,1.8551897496022365,6.9958648681640625,1.8416355,2.9628305,4.7854176
3824238000000,-0.12222222222222222,-0.290932576433965,1.8829931789051837,6.995601654052734,0.92414653,2.9702399,4.83062
3824275000000,-0.12222222222222222,-0.29750773862481517,1.8961998997488665,6.995480060577393,0.47794068,2.9772997,4.816922
3824300000000,-0.12777777777777777,-0.30121238379859366,1.9101044402219285,6.995335102081299,0.16163032,2.9844024,4.7982435
3824342000000,-0.12777777777777777,-0.3062618814128569,1.92368278398093,6.99519681930542,-0.18490402,2.9864752,4.7493496
3824403000000,-0.12777777777777777,-0.3147984926805511,1.9375307667700354,6.995067119598389,-0.37326816,2.987512,4.639724
3824443000000,-0.1388888888888889,-0.3209620196323411,1.9658087284675736,6.994797229766846,-0.43313974,2.9912,4.4594374
3824472000000,-0.1388888888888889,-0.32439070933817316,1.979581445713608,6.994685649871826,-0.5037674,2.9907413,4.262733
3824505000000,-0.14444444444444443,-0.3291357369749684,1.9942776932011244,6.994565963745117,-0.36483517,2.9917824,4.085421
3824544000000,-0.15,-0.33468286058367674,2.0076939895539545,6.994466781616211,-0.18317837,2.9925222,3.878484
3824595000000,-0.15555555555555556,-0.34303230070587754,2.021444982927279,6.994382858276367,0.068248995,2.9928758,3.5580606
3824632000000,-0.16111111111111112,-0.34671940914306937,2.048734288528928,6.994237899780273,0.10760381,2.993061,3.0023515
3824675000000,-0.16666666666666666,-0.35068679824054827,2.0635786935711136,6.99416971206665,0.26231498,2.9934096,2.7004461
3824707000000,-0.16666666666666666,-0.3547972235369186,2.0772602463182026,6.994116306304932,0.26527506,2.992947,2.1574762
3824742000000,-0.17222222222222222,-0.3567361772790871,2.091310380642635,6.994085311889648,0.38977647,2.9933615,1.895616
3824777000000,-0.17777777777777778,-0.3599826664867158,2.105583903693435,6.994044780731201,0.5602851,2.9936247,1.6016395
3824933000000,-0.17222222222222222,-0.36240383119190356,2.1812076008059234,6.993961811065674,0.32512748,2.992557,-0.6765976
3824982000000,-0.18888888888888888,-0.37328916084699715,2.196441890052107,6.9939494132995605,0.9706011,2.9932742,-0.7776699
3825012000000,-0.19444444444444445,-0.37485568921799167,2.2119463976519955,6.99395751953125,1.1542925,2.9935703,-0.8977221
3825075000000,-0.2,-0.3753785777994183,2.2452995543074064,6.993967056274414,1.4291921,2.994031,-0.8736282
3825114000000,-0.2,-0.37590275339760637,2.278116506211733,6.994001865386963,1.5441642,2.994113,-0.98362654
3825185000000,-0.20555555555555555,-0.37721114599712935,2.295071717728147,6.994003772735596,1.7260866,2.9944685,-0.8393558
3825217000000,-0.20555555555555555,-0.37590275339760637,2.312727023723627,6.994025230407715,1.7406044,2.9945688,-0.9092334
3825251000000,-0.20555555555555555,-0.3756439990004658,2.3455973171010265,6.994042873382568,1.7442058,2.9945786,-1.1673486
3825319000000,-0.2111111111111111,-0.37773843498056103,2.37801302792609,6.994082927703857,1.8388563,2.9947476,-1.3405551
3825388000000,-0.21666666666666667,-0.37801240703610517,2.3959642320076897,6.994081020355225,1.937895,2.9950361,-1.2565325
3825421000000,-0.21666666666666667,-0.37801240703610517,2.4122165456898683,6.9940924644470215,1.9165351,2.995067,-1.3774109
3825449000000,-0.21666666666666667,-0.3780322481695156,2.4452283842267906,6.994109630584717,1.8489286,2.9952524,-1.6105151
3825518000000,-0.2222222222222222,-0.37777523806598473,2.4796864746957494,6.994133472442627,1.8902955,2.9957952,-1.6057577
3825581000000,-0.22777777777777777,-0.3767233876459011,2.496224638534989,6.994144916534424,1.9824796,2.996174,-1.4133548
3825620000000,-0.22777777777777777,-0.37725799521104875,2.5134237285076635,6.994139194488525,1.9537704,2.9963725,-1.4875959
3825648000000,-0.23333333333333334,-0.3764623490652669,2.5300426272852206,6.994141578674316,2.0466597,2.9967072,-1.2873507
3825718000000,-0.2388888888888889,-0.37673641098269056,2.5645813784475027,6.994174480438232,2.086032,2.9971793,-1.2602745
3825739000000,-0.2388888888888889,-0.3756726429874598,2.5972126230803574,6.994204998016357,1.9980372,2.9974298,-1.4330461
3825812000000,-0.24444444444444444,-0.3759457758050156,2.613611243186777,6.994204521179199,2.0839396,2.997535,-1.3608444
3825845000000,-0.25,-0.3756800007972022,2.630268783405678,6.9942216873168945,2.1669297,2.997578,-1.2697132
3825877000000,-0.25,-0.37622075820293177,2.6642873059917913,6.994240760803223,2.1328604,2.997308,-1.5216932
3825952000000,-0.25555555555555554,-0.37568743994291115,2.697613109786098,6.9942755699157715,2.2072468,2.9968193,-1.5847462
3826022000000,-0.2611111111111111,-0.3740629508562922,2.7141692400969486,6.99427604675293,2.3018878,2.9964402,-1.4319385
3826053000000,-0.26666666666666666,-0.3756949617807577,2.730932841243148,6.994303226470947,2.3697271,2.9962716,-1.459849
3826085000000,-0.26666666666666666,-0.3743340836219976,2.765222774095584,6.994336128234863,2.3178194,2.995478,-1.5867705
3826113000000,-0.2722222222222222,-0.3740614413378664,2.781850315760657,6.994374752044678,2.3657615,2.9952507,-1.5463508
3826148000000,-0.2722222222222222,-0.37378762901597673,2.7984620720322413,6.994381427764893,2.3189785,2.9950495,-1.6072809
3826223000000,-0.2777777777777778,-0.3743340836219976,2.8154206280105867,6.994402885437012,2.3641376,2.9949253,-1.5896047
3826250000000,-0.2833333333333333,-0.3702127356801476,2.833539276620097,6.994414329528809,2.3940263,2.9944344,-1.2824783
3826285000000,-0.28888888888888886,-0.3693842240176074,2.8669261651546307,6.994451999664307,2.36038,2.9942214,-1.251348
3826438000000,-0.2833333333333333,-0.3726805294902533,2.933789520775389,6.994507312774658,1.7765167,2.994962,-1.7837083
3826483000000,-0.32222222222222224,-0.34869354653464774,2.9665451579908564,6.994538307189941,2.357544,2.9921155,0.38082218
3826521000000,-0.32222222222222224,-0.35455061035894003,2.983519574048752,6.994554042816162,2.2746656,2.9927697,-0.2133543
3826543000000,-0.3277777777777778,-0.3483583246545985,3.0019188879779994,6.99456787109375,2.2680073,2.992073,0.31330693
3826583000000,-0.3333333333333333,-0.3483583246545985,3.0177953468890673,6.994589805603027,2.2281952,2.9927309,0.011337007
3826649000000,-0.3333333333333333,-0.349742659439822,3.03332047816919,6.994600296020508,1.9674332,2.9938934,-0.69114655
3826685000000,-0.3388888888888889,-0.349742659439822,3.049147607880507,6.994616985321045,1.7649322,2.9947224,-1.2231833
3826713000000,-0.34444444444444444,-0.35112844370580587,3.0790731578054666,6.99467134475708,1.1311328,2.9960108,-2.3011394
3826748000000,-0.34444444444444444,-0.3516572731852493,3.0946886857678564,6.994709491729736,0.71414006,2.9964418,-2.7393565
3826773000000,-0.35,-0.3514579982182494,3.112028917288516,6.994723320007324,0.6276264,2.9966278,-2.904662
3826817000000,-0.35555555555555557,-0.35231353930072284,3.1315778557854212,6.994758129119873,0.6942005,2.9967165,-2.9890008
3826883000000,-0.3611111111111111,-0.34921739572042787,3.150234078438678,6.994809627532959,0.85483664,2.9965825,-2.734208
3826913000000,-0.3611111111111111,-0.3514579982182494,3.16980305185321,6.994849681854248,0.9000722,2.9966311,-2.8368468
3826954000000,-0.37222222222222223,-0.3495504802558893,3.208023206571499,6.99497127532959,1.4674299,2.9961858,-2.2823963
3827008000000,-0.37777777777777777,-0.3443877282179181,3.247210348596805,6.995150089263916,1.746245,2.9955373,-1.6415026
3827048000000,-0.38333333333333336,-0.3423051920728544,3.2658146971481408,6.995248794555664,1.9316204,2.9950566,-1.3026835
3827109000000,-0.3888888888888889,-0.343345218984486,3.2840864269832033,6.995373249053955,2.0746431,2.9948337,-1.2267342
3827143000000,-0.3888888888888889,-0.34316605923031784,3.3181552537510512,6.99560546875,1.8750007,2.995286,-1.5247002
3827175000000,-0.39444444444444443,-0.33912856401802877,3.3364157743049536,6.995737552642822,1.8590319,2.9949512,-1.3447528
3827212000000,-0.39444444444444443,-0.3415769626191224,3.3529617264627425,6.995848655700684,1.6917036,2.9954944,-1.7234136
3827246000000,-0.4,-0.3389234759744169,3.370187814987489,6.9959611892700195,1.673677,2.9952645,-1.6277685
3827289000000,-0.4,-0.3371472098248841,3.3871032317948284,6.996091842651367,1.4803838,2.9954257,-1.7273252
3827318000000,-0.40555555555555556,-0.3371472098248841,3.404580164931946,6.996204376220703,1.497529,2.9953363,-1.7536134
3827384000000,-0.4111111111111111,-0.33499088313681996,3.440959409203811,6.996423244476318,1.3492801,2.995276,-1.7967353
3827413000000,-0.4166666666666667,-0.33461497705962223,3.458697358749053,6.996519565582275,1.380202,2.9950914,-1.76672
3827450000000,-0.4166666666666667,-0.3337171560448707,3.4760192646562245,6.99662446975708,1.2333808,2.995215,-1.8417099
3827483000000,-0.4222222222222222,-0.3337171560448707,3.4937928734523602,6.996738910675049,1.2810607,2.9950323,-1.8084317
3827514000000,-0.4222222222222222,-0.3319171145201214,3.5127963975522296,6.996864318847656,1.1458673,2.9950354,-1.8099874
3827583000000,-0.43333333333333335,-0.3301112071308445,3.5483960198549434,6.997060775756836,1.3256483,2.9942856,-1.5222908
3827617000000,-0.43333333333333335,-0.33101489403707196,3.565996692685424,6.9971604347229,1.2444943,2.9945269,-1.6466247
3827761000000,-0.4388888888888889,-0.3297220001623143,3.637291667096733,6.997519016265869,0.99249375,2.9945982,-1.7204989
3827821000000,-0.45555555555555555,-0.3261972615865697,3.6716259034355043,6.997668266296387,1.199523,2.99339,-1.1161171
3827851000000,-0.46111111111111114,-0.32476704344015206,3.6904847246055272,6.997738838195801,1.2547133,2.992925,-0.8666908
3827881000000,-0.46111111111111114,-0.3261972615865697,3.707670553502481,6.997806549072266,1.2147366,2.9932373,-1.0002584
3827919000000,-0.4666666666666667,-0.3252806030805842,3.7249544543987283,6.997884750366211,1.2577984,2.9928842,-0.7809252
3827943000000,-0.4666666666666667,-0.32539221488235837,3.7413566067615323,6.9979424476623535,1.0730678,2.993214,-0.9252691
3828009000000,-0.4722222222222222,-0.32447076128385266,3.7586164735262786,6.997995853424072,1.0545461,2.992961,-0.7341046
3828052000000,-0.4777777777777778,-0.3240630907666987,3.7926221517981125,6.998091697692871,0.78015554,2.9931731,-0.74435955
3828090000000,-0.48333333333333334,-0.3240630907666987,3.8257188622721006,6.998208999633789,0.55920327,2.9933386,-0.73356277
3828148000000,-0.4888888888888889,-0.3240630907666987,3.842144842893686,6.998254299163818,0.5174136,2.9932563,-0.5952308
3828193000000,-0.49444444444444446,-0.3235478143361818,3.860004914427933,6.998301982879639,0.5124898,2.993014,-0.3849308
3828226000000,-0.49444444444444446,-0.3240630907666987,3.8770225186671783,6.99835205078125,0.37639272,2.99328,-0.5179914
3828286000000,-0.5055555555555555,-0.32447076128385266,3.9094886203861154,6.998457908630371,0.4964033,2.9928932,-0.11424557
3828324000000,-0.5111111111111111,-0.32539221488235837,3.9415099087980168,6.9985671043396,0.42180803,2.992993,-0.0612241
3828383000000,-0.5166666666666667,-0.32447076128385266,3.958552503546478,6.998607158660889,0.5021006,2.9924603,0.25090042
3828419000000,-0.5222222222222223,-0.32590932864719463,3.9738536792410586,6.998655796051025,0.5886031,2.9924867,0.3775056
3828454000000,-0.5277777777777778,-0.3264279418092367,3.9892804236757926,6.9986958503723145,0.6391895,2.992299,0.5527909
3828512000000,-0.5333333333333333,-0.32746968970882784,4.01914725638142,6.998774528503418,0.43092835,2.992486,0.48965186
3828549000000,-0.5333333333333333,-0.3289173476975921,4.048946914113518,6.998859405517578,-0.21017921,2.9933848,-0.13039798
3828621000000,-0.5388888888888889,-0.3303668211427398,4.0636475015455,6.998897075653076,-0.2127876,2.9934244,-0.08845844
3828649000000,-0.5444444444444444,-0.33076180144750883,4.078207855334534,6.998939514160156,-0.15145048,2.993136,0.09585868
3828692000000,-0.55,-0.3322100204290507,4.093800446411051,6.998984336853027,0.060020886,2.99302,0.31940114
3828757000000,-0.5611111111111111,-0.3344324298102831,4.125398874869067,6.999086856842041,0.55699086,2.9925625,0.8980311
3828794000000,-0.5666666666666667,-0.3335170577102925,4.155280124414302,6.999149799346924,0.6702452,2.9916825,1.2371378
3828827000000,-0.5722222222222222,-0.33549580037110244,4.170052708612104,6.999187469482422,0.84456,2.9917755,1.4038112
3828892000000,-0.5777777777777777,-0.33802057958519804,4.184917947902456,6.9992241859436035,0.89588696,2.9921424,1.4296836
3828926000000,-0.5777777777777777,-0.33964374515404533,4.210876852968826,6.999294281005859,0.06149388,2.9929428,0.54609096
3828985000000,-0.5833333333333334,-0.3407336986084734,4.237961265535327,6.999282360076904,-0.5364001,2.992851,0.03641921
3829029000000,-0.5888888888888889,-0.3431230966327068,4.252141397517711,6.999251842498779,-0.47360516,2.9930065,0.061414953
3829063000000,-0.5944444444444444,-0.34349182307996284,4.266517107510638,6.999232292175293,-0.3446245,2.9925175,0.34723794
3829219000000,-0.6111111111111112,-0.34549686761943255,4.344093978714363,6.99893856048584,0.6460563,2.991267,1.6964351
3829277000000,-0.6333333333333333,-0.3471471769179807,4.359716287715112,6.998891830444336,1.8473296,2.9892902,3.2457967
3829305000000,-0.6333333333333333,-0.3478977680097808,4.375548524186537,6.998814105987549,1.8393034,2.9896991,3.2027962
3829372000000,-0.6444444444444445,-0.35253442263339807,4.388952667370292,6.998733997344971,2.0623684,2.9908085,3.4216406
3829396000000,-0.6333333333333333,-0.3534141446891337,4.409975418741397,6.998554706573486,0.3324171,2.9915352,1.5001403
3829431000000,-0.6388888888888888,-0.35549928222354293,4.418922336749403,6.998476505279541,-0.32352924,2.9912784,0.8107844
3829475000000,-0.6333333333333333,-0.355850805274321,4.428307076102994,6.998386383056641,-1.6032561,2.9913516,-1.0705869
3829504000000,-0.6333333333333333,-0.3577303770523694,4.439023563742066,6.99828577041626,-2.248384,2.9913523,-2.3310542
3829540000000,-0.6388888888888888,-0.35910685009089094,4.45097609660306,6.998205184936523,-2.365189,2.9908013,-2.5322976
3829599000000,-0.6611111111111111,-0.36029547305860515,4.484269255682282,6.997961044311523,-1.5200983,2.9889932,-0.61064434
3829642000000,-0.6833333333333333,-0.359894722770008,4.526461379369736,6.997776985168457,1.2562971,2.9891996,3.1092753
3829698000000,-0.7,-0.36136169227586784,4.545282938451778,6.997690200805664,2.2483492,2.9902143,4.0796633
3829733000000,-0.6944444444444444,-0.36104163025881264,4.562092374383769,6.997638702392578,2.2939305,2.9904802,4.076191
3829770000000,-0.6888888888888889,-0.3629230327960387,4.575445289485696,6.997548580169678,2.0842624,2.9912791,3.7812595
3829840000000,-0.6777777777777778,-0.36717769882588513,4.5940672725655105,6.997350215911865,0.0744925,2.991362,1.2768166
3829876000000,-0.6611111111111111,-0.36703219581572255,4.610211340628922,6.997166156768799,-2.457643,2.9895823,-2.8627155
3829936000000,-0.6611111111111111,-0.3710287147133895,4.619732253169351,6.997042655944824,-2.7093525,2.98973,-3.6287916
3829976000000,-0.6777777777777778,-0.3736821434788081,4.632276114016802,6.9969072341918945,-2.609478,2.9883626,-3.4007888
3830030000000,-0.7055555555555556,-0.37085359270483714,4.669477503440339,6.996652603149414,-1.5478606,2.987379,-1.2299107
3830073000000,-0.7277777777777777,-0.37091977335702897,4.714231297386414,6.996518611907959,1.496146,2.9915993,3.0998182
3830147000000,-0.7444444444444445,-0.37180531927588595,4.735977038962901,6.9964752197265625,2.4223871,2.993185,4.213235
3830176000000,-0.7444444444444445,-0.3723842588693488,4.7562902447279445,6.996464729309082,2.6228619,2.9936323,4.427399
3830214000000,-0.7222222222222222,-0.3689248052225044,4.784303024753489,6.996436595916748,2.3292918,2.992436,4.102385
3830278000000,-0.7111111111111111,-0.3746931471893195,4.799559292865628,6.996398448944092,0.40014625,2.9917195,1.4337478
3830310000000,-0.7055555555555556,-0.37763640440648993,4.806942938549089,6.996348857879639,-1.2130727,2.9903197,-1.1285081
3830372000000,-0.7055555555555556,-0.3806150963709654,4.814506285121331,6.996312618255615,-2.055448,2.9889832,-2.634319
3830416000000,-0.7222222222222222,-0.38417230084490844,4.838968995662339,6.996097564697266,-2.2298648,2.9876223,-3.1504211
3830437000000,-0.7333333333333333,-0.3840280516542424,4.855917907083494,6.996045112609863,-1.8497736,2.9884422,-2.6425266
3830473000000,-0.7444444444444445,-0.3846126855974184,4.87690615124135,6.995984077453613,-0.91427386,2.9908757,-1.4041512
3830507000000,-0.7555555555555555,-0.38139557738861524,4.899975303902078,6.995957374572754,0.44617385,2.992567,0.76695275
3830664000000,-0.7666666666666667,-0.3817281179511426,4.992852950669259,6.995945930480957,2.4338784,2.9951406,4.06004
3830701000000,-0.7888888888888889,-0.3806150963709654,5.009241743520336,6.995972156524658,2.7166479,2.9952953,4.507675
3830784000000,-0.7888888888888889,-0.38379399071657566,5.024994162226864,6.995981693267822,2.7380538,2.995619,4.5127764
3830810000000,-0.7722222222222223,-0.38219829714791814,5.047880522110174,6.995924472808838,2.3516436,2.9951596,3.9124928
3830880000000,-0.7611111111111111,-0.38918730571779875,5.061670366724319,6.995785713195801,0.13511795,2.9935017,-0.23190731
3830921000000,-0.7555555555555555,-0.39091831109376307,5.068349109463861,6.995725154876709,-1.3109419,2.9909956,-2.3752966
3830973000000,-0.7555555555555555,-0.39223709180322125,5.076125956611902,6.995635509490967,-2.0665562,2.9884183,-3.3997562
3831009000000,-0.7611111111111111,-0.3916921382535798,5.086413704847968,6.99553918838501,-2.369351,2.9861007,-3.8190193
3831047000000,-0.7944444444444444,-0.3959500857016258,5.118765710014169,6.995274543762207,-1.8030771,2.99029,-3.472079
3831114000000,-0.8166666666666667,-0.39203682424683217,5.165900182572318,6.995136737823486,0.31609306,2.9949741,-0.9593774
3831148000000,-0.8277777777777777,-0.39188579435529575,5.188378682617808,6.9951043128967285,1.5103472,2.9961562,1.1850401
3831183000000,-0.8388888888888889,-0.39005514054866697,5.210852646801941,6.995115280151367,2.2973506,2.996546,3.1187367
3831240000000,-0.85,-0.3937289670426347,5.230865626686731,6.99511194229126,2.6122227,2.9967341,3.910403
3831270000000,-0.8333333333333334,-0.39089665956935665,5.261991065706425,6.9951910972595215,2.4614105,2.9965665,3.6494899
3831316000000,-0.8277777777777777,-0.39156243035922356,5.271118792801706,6.995210647583008,2.0360932,2.9964285,2.5362473
3831345000000,-0.8222222222222222,-0.3952914982035147,5.278522552760057,6.99522066116333,1.0902399,2.995987,0.25484943
3831369000000,-0.8222222222222222,-0.395302437627388,5.285759997454126,6.995202541351318,0.039041445,2.9950209,-1.5822275
3831449000000,-0.8222222222222222,-0.3984572320034146,5.294838186774233,6.995133399963379,-0.90656644,2.9938395,-2.8307557
3831479000000,-0.8333333333333334,-0.39888944044684693,5.32256531108532,6.995018482208252,-1.3303094,2.9932263,-3.31821
3831517000000,-0.8388888888888889,-0.395968712024378,5.341569446154659,6.994960784912109,-1.0488497,2.9938664,-3.030574
3831540000000,-0.85,-0.39420564814783227,5.362871285532639,6.994917392730713,-0.24701813,2.995233,-2.2574503
3831587000000,-0.8666666666666667,-0.3961703121988923,5.384727824871519,6.994906425476074,0.9555987,2.9964778,-0.8616977
3831619000000,-0.8722222222222222,-0.392667854683974,5.406976139074913,6.994884967803955,1.7119596,2.9967008,0.7435037
3831678000000,-0.8833333333333333,-0.3953260826939484,5.447205106877957,6.994924545288086,2.4092555,2.9968452,2.6965642
3831716000000,-0.8833333333333333,-0.3931871452040994,5.463293961803848,6.994931697845459,2.4332435,2.996763,2.8088884
3831753000000,-0.8888888888888888,-0.3963598387703599,5.4765672771874,6.99494743347168,2.3803654,2.9968553,2.4724128
3831791000000,-0.7444444444444445,0.020341651644727676,5.48840376879427,6.994919776916504,-2.9996567,2.8751268,4.983044
3831823000000,-0.7444444444444445,0.021012830018726288,5.498825206645068,6.994876861572266,-2.9997227,2.8501706,4.9684644
3831869000000,-0.8888888888888888,-0.40112985483930436,5.517024016734869,6.994797229766846,-0.21967708,2.99592,-2.7100806
3831928000000,-0.9166666666666666,-0.41675355686079035,5.527390772145673,6.994676113128662,-1.3785293,2.9940066,-3.803916
3832086000000,-0.9111111111111111,-0.417700976350053,5.59437841984752,6.994650363922119,-1.9126028,2.9918773,-4.085712
3832126000000,-0.8,0.04718714007803852,5.6205255295941035,6.994735240936279,-2.9999611,2.574904,4.8627787
3832195000000,-0.9444444444444444,-0.4026955184290937,5.6451256219033565,6.99481725692749,0.30363744,2.9958901,-2.485283
3832226000000,-0.9666666666666667,-0.40417361871545054,5.66935594884151,6.99492883682251,1.731131,2.9958208,-0.6136405
3832251000000,-0.8444444444444444,0.04539574199972078,5.70843799670001,6.99521017074585,-2.9999163,2.8282409,4.988204
3832320000000,-0.8444444444444444,0.047421036669897866,5.74144578652946,6.995589733123779,-2.9998965,2.8407989,4.993685
3832352000000,-0.8555555555555555,0.04765725920910013,5.753326719826299,6.995772838592529,-2.9998977,2.837369,4.993781
3832428000000,-0.8666666666666667,0.04765725920910013,5.760492741110704,6.99598503112793,-2.9999087,2.8281946,4.992015
3832452000000,-0.8722222222222222,0.04862611543871272,5.764424052331434,6.99620246887207,-2.9999301,2.805158,4.9860034
3832490000000,-0.8888888888888888,0.045862130027908024,5.769283362791664,6.996737480163574,-2.999951,2.7050302,4.954329
3832556000000,-0.9,0.04808498003453536,5.774353187051184,6.997316837310791,-2.999967,2.525753,4.895705
3832595000000,-0.9111111111111111,0.04641229965446898,5.776462605663022,6.997599124908447,-2.9999695,2.3941016,4.8562255
3832651000000,-0.9222222222222223,0.04566664401416413,5.77840074281494,6.997915267944336,-2.9999723,2.2165437,4.805477
3832685000000,-0.9277777777777778,0.9687799095992192,5.780375903910876,6.998571872711182,-3.0,-1.4837003,4.999941
3832719000000,-0.9333333333333333,0.9679958049683599,5.781327261464517,6.998930931091309,-3.0,-1.3253552,4.999946
3832761000000,-0.9444444444444444,0.9697076556232637,5.78123664251241,6.999283313751221,-3.0,-1.1719376,4.9999447
3832783000000,-0.95,0.9670196218903143,5.778825093229288,6.999670028686523,-3.0,-0.9260018,4.999948
3832850000000,-0.9722222222222222,0.9720959636981881,5.771690977665819,7.000156879425049,-3.0,-0.7358711,4.99994
3832881000000,-0.9777777777777777,0.9694168288859035,5.761874608800287,7.0006818771362305,-3.0,-0.421867,4.9999404
3832922000000,-0.9777777777777777,0.9732107805932085,5.735597701455222,7.001951217651367,-3.0,0.23827855,4.9999332
3832988000000,-1.0,0.968587504687097,5.703515451053201,7.003479480743408,-3.0,-0.14052558,4.9999323
3833017000000,-1.0055555555555555,0.9745487773040163,5.687062565917921,7.00424337387085,-3.0,-0.14385003,4.9999275
3833091000000,-1.0277777777777777,0.9687160368420974,5.669931876372118,7.00502872467041,-3.0,-0.4396469,4.9999094
3833124000000,-1.038888888888889,0.9640033300433097,5.652389033421084,7.0057783126831055,-3.0,-0.5805299,4.999892
3833160000000,-1.05,0.9710826421944465,5.614591419948283,7.007314205169678,-3.0,-0.52955234,4.999857
3833190000000,-1.0611111111111111,0.9625948815174467,5.597392603736154,7.007970333099365,-3.0,-0.67780143,4.999821
