3807865000000,-0.025,0.0,-0.7625486414517424,-0.014280732754489128,-0.012543007541259369,3.9990272521972656,-0.5564721,-0.016722191
3808136000000,-0.025,0.0,-0.7625486414517424,-0.014442139099111097,-0.013326985102339062,3.999823808670044,-0.5564721,-0.016722191
3808233000000,-0.025,-0.005555555555555556,-0.7506360737189517,-0.01428258242980181,-0.012357196051207747,4.000008583068848,1.5918306,-0.291435
3808328000000,-0.025,-0.005555555555555556,-0.7506360737189517,-0.014185663814879592,-0.011491783900699036,4.000151634216309,-0.38645846,0.0307669
3808422000000,-0.025,-0.005555555555555556,-0.7048327646991335,-0.01641117592514107,-0.016162042741816297,4.000269889831543,-0.38645846,0.0307669
3808535000000,-0.016666666666666666,-0.005555555555555556,-0.6647386663372852,-0.01703340498232399,-0.016488933619078643,4.000411510467529,-0.5042931,2.1058612
3808629000000,-0.025,-0.011111111111111112,-0.6185531422721853,-0.0139994610458018,-0.012297922625700602,4.000580787658691,0.9927846,-2.9083085
3808734000000,-0.016666666666666666,-0.011111111111111112,-0.5724422416850776,-0.004786957186734519,-0.008005072584998642,4.000741481781006,-0.44624573,2.1016073
3808825000000,-0.016666666666666666,-0.011111111111111112,-0.5544343605976417,-0.00987859025511912,-0.005965510327011939,4.000885009765625,-0.17865726,0.24749789
3808927000000,-0.016666666666666666,-0.011111111111111112,-0.5268834357406259,-0.008963309479573016,-0.00338322063830181,4.001021862030029,-0.17865726,0.24749789
3809024000000,-0.025,-0.011111111111111112,-0.5,-0.005021704706727418,5.578076299629854e-06,4.001169681549072,-0.78517437,-2.8520708
3809122000000,-0.016666666666666666,-0.011111111111111112,-0.5,-0.005928092828386239,0.0056523658716982105,4.001237392425537,-0.4415062,2.173229
3809221000000,-0.016666666666666666,-0.016666666666666666,-0.4910341171655292,-0.018167525235399558,0.014108623742280129,4.001251220703125,1.7373123,-0.201648
3809352000000,-0.016666666666666666,-0.016666666666666666,-0.4910341171655292,-0.0193244082513186,0.01739182308972939,4.001189231872559,-0.03434897,0.27287915
3809435000000,-0.016666666666666666,-0.016666666666666666,-0.48181581064870316,-0.018366574621570764,0.00886410873986059,4.00105619430542,-0.03434897,0.27287915
3809531000000,-0.016666666666666666,-0.016666666666666666,-0.4552415148168317,-0.016403360782476246,0.0018342708524719338,4.000858783721924,-0.03434897,0.27287915
3809624000000,-0.016666666666666666,-0.016666666666666666,-0.45394862509884115,-0.013231833193338408,-0.0020630949380247886,4.000662326812744,-0.03434897,0.27287915
3809720000000,-0.016666666666666666,-0.016666666666666666,-0.45394862509884115,-0.009353489767992463,-0.004043403580279997,4.000469207763672,-0.03434897,0.27287915
3809827000000,-0.016666666666666666,-0.016666666666666666,-0.45394862509884115,-0.005107863190158272,-0.005018117739717362,4.000287055969238,-0.03434897,0.27287915
3809950000000,-0.016666666666666666,-0.016666666666666666,-0.44556563940235816,-0.0006609430563370196,-0.005389057521126182,4.000128269195557,-0.03434897,0.27287915
3810033000000,-0.016666666666666666,-0.016666666666666666,-0.44556563940235816,0.003916093145146302,-0.0054759899744908575,3.999983310699463,-0.03434897,0.27287915
3810128000000,-0.016666666666666666,-0.016666666666666666,-0.45394862509884115,0.008426890736706763,-0.0053497483771785545,3.9998672008514404,-0.03434897,0.27287915
3810224000000,-0.016666666666666666,-0.016666666666666666,-0.45394862509884115,0.01291453143569473,-0.0051413333848014196,3.9997775554656982,-0.03434897,0.27287915
3810324000000,-0.016666666666666666,-0.016666666666666666,-0.4439727658981009,0.01746933429888974,-0.004852489873999995,3.999725341796875,-0.03434897,0.27287915
3810426000000,-0.016666666666666666,-0.016666666666666666,-0.4356355944996426,0.022045825364940628,-0.004528086101281221,3.99969220161438,-0.03434897,0.27287915
3810529000000,-0.016666666666666666,-0.016666666666666666,-0.44556563940235816,0.026533217662615124,-0.004073799125555499,3.9996790885925293,-0.03434897,0.27287915
3810623000000,-0.016666666666666666,-0.016666666666666666,-0.44556563940235816,0.03093477288308034,-0.003694413103939284,3.9996860027313232,-0.03434897,0.27287915
3810728000000,-0.025,-0.016666666666666666,-0.44556563940235816,0.0352416999487734,-0.0031211813348544595,3.99971604347229,-0.4431706,-2.7752962
3810829000000,-0.016666666666666666,-0.016666666666666666,-0.44556563940235816,0.0351332766246927,-0.0015803822135057723,3.9997591972351074,-0.3930717,2.1003246
3810929000000,-0.025,-0.022222222222222223,-0.44556563940235816,0.0225233143456911,0.0023159734184622555,3.999800443649292,1.3403975,-2.8794308
3811028000000,-0.025,-0.016666666666666666,-0.4356355944996426,0.017237091679862274,0.004171173721520233,3.999800205230713,-0.7277564,-0.069408946
3811198000000,-0.008333333333333333,-0.016666666666666666,-0.44556563940235816,-0.0003086702680892552,-0.003804462916323271,3.999706983566284,-0.3636808,2.53271
3811227000000,-0.025,-0.022222222222222223,-0.45394862509884115,-0.03223216052250826,-0.018564568200332927,3.999556064605713,-0.95417905,-2.3315988
3811326000000,-0.025,-0.022222222222222223,-0.44556563940235816,-0.06127883663052799,-0.028792332666352404,3.9992833137512207,0.07092245,0.12866339
3811424000000,-0.025,-0.016666666666666666,-0.44556563940235816,-0.08559620010838771,-0.0303482732211531,3.9990732669830322,-0.7299946,-0.089160405
3811522000000,-0.025,-0.016666666666666666,-0.44556563940235816,-0.1007820956683312,-0.028469532200050184,3.9989280700683594,-0.072222844,0.10282975
3811622000000,-0.016666666666666666,-0.016666666666666666,-0.44556563940235816,-0.10878970123659314,-0.023553530079775627,3.998812437057495,-0.3928755,2.1151578
3811725000000,-0.016666666666666666,-0.016666666666666666,-0.44556563940235816,-0.10801386007720991,-0.018438846367822982,3.998690366744995,-0.03434897,0.27287915
3811825000000,-0.008333333333333333,-0.016666666666666666,-0.44556563940235816,-0.09577996915340668,-0.013132129750962238,3.9985921382904053,-0.40952986,2.2966552
3811926000000,-0.008333333333333333,-0.016666666666666666,-0.44556563940235816,-0.08042442390984564,-0.008067831066300038,3.9985311031341553,0.0025919967,0.43973958
3812024000000,-0.008333333333333333,-0.016666666666666666,-0.44556563940235816,-0.05894899257021539,-0.002757586590403834,3.9985756874084473,0.0025919967,0.43973958
3812123000000,-0.008333333333333333,-0.016666666666666666,-0.4636612452979604,-0.04109175004767462,0.001025934994889462,3.9986987113952637,0.0025919967,0.43973958
3812225000000,0.0,-0.022222222222222223,-0.4374368582484971,-0.027756207326914504,0.0034600192635586254,3.998871088027954,-0.10935409,2.4296875
3812335000000,-0.008333333333333333,-0.016666666666666666,-0.44556563940235816,-0.013590122041672101,0.005610498318269938,3.9990603923797607,-1.0619498,-2.4750884
3812425000000,0.0,-0.022222222222222223,-0.44556563940235816,0.006260863347628423,0.009948616718672115,3.99924635887146,-0.15968867,2.5922036
3812528000000,-0.008333333333333333,-0.022222222222222223,-0.44556563940235816,0.01423984157463187,0.0177848849926933,3.9994170665740967,0.1001964,-2.6005032
3812623000000,-0.008333333333333333,-0.022222222222222223,-0.45394862509884115,0.024799352740556377,0.02393720934149969,3.99959397315979,0.13314411,0.45475668
3812723000000,-0.008333333333333333,-0.022222222222222223,-0.45394862509884115,0.022095695799211723,0.026976300193765013,3.9997594356536865,0.13314411,0.45475668
3812828000000,-0.008333333333333333,-0.022222222222222223,-0.45394862509884115,0.019610160002360526,0.028033591924439213,3.9999148845672607,0.13314411,0.45475668
3812928000000,-0.008333333333333333,-0.022222222222222223,-0.4552415148168317,0.02137710949327329,0.028078607484380073,4.000060558319092,0.13314411,0.45475668
3813027000000,-0.016666666666666666,-0.022222222222222223,-0.45394862509884115,0.026068586845159995,0.027546826203552338,4.000175952911377,-0.06097062,-2.741688
3813137000000,-0.016666666666666666,-0.022222222222222223,-0.44556563940235816,0.027430360587034585,0.02710778016697908,4.000258445739746,0.10228726,0.29317212
3813257000000,-0.016666666666666666,-0.027777777777777776,-0.4552415148168317,0.013999417694427562,0.027104435105142457,4.000308513641357,1.6502298,-0.11295149
3813324000000,-0.016666666666666666,-0.027777777777777776,-0.44556563940235816,0.0030264641776707123,0.025585310440291255,4.000349521636963,0.23085782,0.30891228
3813420000000,-0.016666666666666666,-0.027777777777777776,-0.44556563940235816,-0.0025420551113997155,0.0183418588471134,4.000369071960449,0.23085782,0.30891228
3813526000000,-0.016666666666666666,-0.027777777777777776,-0.4636612452979604,-0.0033567229632797822,0.011921689924825339,4.000393867492676,0.23085782,0.30891228
3813646000000,-0.016666666666666666,-0.027777777777777776,-0.44556563940235816,-0.0011089711362568296,0.007011639687201042,4.000421524047852,0.23085782,0.30891228
3813726000000,-0.025,-0.027777777777777776,-0.44556563940235816,0.0027960314559736274,0.0029847586336085113,4.000447750091553,0.21816987,-2.8825283
3813822000000,-0.016666666666666666,-0.027777777777777776,-0.4552415148168317,0.0025582344132695765,-0.0007096910125523887,4.000463485717773,-0.2906273,2.0020342
3813923000000,-0.025,-0.027777777777777776,-0.4636612452979604,-0.008661528179452356,-0.0026956668715960937,4.000473976135254,0.1020975,-2.7563138
3814027000000,-0.016666666666666666,-0.027777777777777776,-0.4636612452979604,-0.013947313425974455,-0.0025442382500493943,4.000500679016113,-0.28000155,1.9144461
3814275000000,0.0,-0.027777777777777776,-0.4636612452979604,-0.06450699746086824,-0.003452664435160872,4.000668525695801,-0.28379178,2.081388
3814338000000,-0.025,-0.027777777777777776,-0.4636612452979604,-0.10266773127350154,-0.0041756990529012985,4.000707626342773,0.1054382,-2.993182
3814434000000,-0.016666666666666666,-0.027777777777777776,-0.4636612452979604,-0.12968030532267236,-0.0037251491589111725,4.000702857971191,-0.28910553,1.9868889
3814515000000,-0.016666666666666666,-0.03333333333333333,-0.4552415148168317,-0.15265954340185478,-0.0027195972610353242,4.000700950622559,2.2053351,-0.35927945
3814625000000,-0.05,-0.005555555555555556,-0.4439727658981009,-0.1618091531589686,-0.006613444738608138,4.000665664672852,-2.9218724,-2.9473226
3814730000000,-0.09166666666666666,0.016666666666666666,-0.44556563940235816,-0.1709111611111002,-0.014300275720648785,4.000579357147217,-2.6905572,-2.9857647
3814822000000,-0.13333333333333333,0.044444444444444446,-0.4275577583149224,-0.19521234864209178,-0.0014251183055574025,4.000476360321045,-2.7621667,-2.9956896
3814926000000,-0.175,0.06666666666666667,-0.41742880032030544,-0.23222628827693617,0.02708222518795489,4.000443935394287,-2.5653658,-2.9991715
3815017000000,-0.21666666666666667,0.08888888888888889,-0.4096655293982669,-0.2765842151271157,0.06396872749047947,4.000441551208496,-2.6261241,-2.9994805
3815125000000,-0.25,0.1111111111111111,-0.4096655293982669,-0.32445112392618913,0.10458379803517648,4.000453948974609,-2.7950034,-2.9998274
3815222000000,-0.2833333333333333,0.13333333333333333,-0.4021467478396077,-0.3741146645196803,0.14771799752804943,4.000460147857666,-2.7047334,-2.9998376
3815337000000,-0.325,0.15,-0.384712834221655,-0.42452210068446683,0.19279542252033513,4.000454902648926,-2.0601673,-2.99999
3815434000000,-0.35833333333333334,0.16666666666666666,-0.39486308657749314,-0.4758672827655122,0.2378855115102203,4.000391483306885,-2.324552,-2.9999752
3815523000000,-0.38333333333333336,0.18333333333333332,-0.38096529974676624,-0.5266656811048979,0.2795398608871352,4.000196933746338,-2.6452732,-2.9999352
3815630000000,-0.4166666666666667,0.2,-0.38096529974676624,-0.5774718921014658,0.32087968422022595,3.999904155731201,-2.306354,-2.9999757
3815727000000,-0.45,0.2111111111111111,-0.3644392363624357,-0.6281686889038609,0.362989820498597,3.9995405673980713,-1.382892,-2.999995
3815832000000,-0.48333333333333334,0.22777777777777777,-0.3580973048344284,-0.6787914952280723,0.4020052599129332,3.9991440773010254,-2.049374,-2.9999802
3815932000000,-0.5,0.2388888888888889,-0.36790379955968916,-0.7293144529091252,0.43553905119550806,3.998779058456421,-2.8462963,-2.9999688
3816038000000,-0.5333333333333333,0.25,-0.36166670546881546,-0.7798319392700627,0.47033988460818665,3.998443841934204,-1.2749063,-2.999989
3816127000000,-0.5583333333333333,0.2611111111111111,-0.35561536897870555,-0.8304699541237064,0.5078248165361693,3.9981250762939453,-1.8978422,-2.999979
3816226000000,-0.5833333333333334,0.2722222222222222,-0.36506357722703325,-0.8810513084400955,0.5412785647538292,3.997850179672241,-2.125852,-2.9999766
3816331000000,-0.6083333333333333,0.2833333333333333,-0.349742659439822,-0.9315467093808881,0.5738735526229003,3.9976601600646973,-2.4480913,-2.9999712
3816421000000,-0.625,0.28888888888888886,-0.349742659439822,-0.9820096584566024,0.6082092630961007,3.997511148452759,-2.2571716,-2.9999747
3816523000000,-0.6416666666666667,0.29444444444444445,-0.3345970350109159,-1.032318739757126,0.6448033149660011,3.997364044189453,-2.4681993,-2.9999704
3816633000000,-0.6666666666666666,0.3055555555555556,-0.3345970350109159,-1.0827164407790941,0.6824239650771466,3.9971964359283447,-2.192844,-2.999971
3816739000000,-0.6833333333333333,0.3111111111111111,-0.3440417392452613,-1.1331934357847147,0.72102669649125,3.9970247745513916,-2.256293,-2.9999738
3816833000000,-0.7,0.3111111111111111,-0.32915276390193127,-1.1836982683720292,0.7592031472097476,3.99686336517334,-1.5832869,-2.9999828
3816924000000,-0.7083333333333334,0.31666666666666665,-0.3238674649523671,-1.2342838898398503,0.7958623247805352,3.996732711791992,-2.3837657,-2.9999785
3817029000000,-0.725,0.32222222222222224,-0.33850605466066525,-1.2848272955923425,0.8302806596837717,3.996638536453247,-2.192831,-2.9999795
3817128000000,-0.7333333333333333,0.32222222222222224,-0.33850605466066525,-1.3353213219117555,0.8663082113760023,3.9965567588806152,-2.2825446,-2.9999866
3817334000000,-0.7416666666666667,0.32222222222222224,-0.33850605466066525,-1.4366606747165038,0.9389838790535118,3.9964866638183594,-2.389018,-2.9999883
3817426000000,-0.7666666666666667,0.31666666666666665,-0.2344982064992182,-1.4873295927966024,0.975676681484903,3.9966025352478027,1.5450583,-2.9999914
3817547000000,-0.7833333333333333,0.31666666666666665,-0.19472853748580973,-1.538043083925173,1.0069420880985747,3.996814250946045,-1.5509243,-2.9999926
3817634000000,-0.7916666666666666,0.3055555555555556,-0.16381736484967477,-1.5890111482626503,1.0182704882568798,3.997190475463867,1.1335269,-2.9999938
3817733000000,-0.7916666666666666,0.28888888888888886,-0.1256659163780024,-1.639549235558087,1.0265793303555382,3.9975457191467285,0.26080543,-2.9999974
3817841000000,-0.8,0.2777777777777778,-0.09537357200126609,-1.6899393456063614,1.0264423191193788,3.9980239868164062,1.2301894,-2.9999957
3817926000000,-0.8,0.2611111111111111,-0.061025828412527024,-1.7402808653161823,1.0214323439727637,3.998638868331909,0.58695483,-2.999998
3818023000000,-0.8,0.24444444444444444,-0.025451222695983548,-1.790518647694014,1.011297315079006,3.9993040561676025,0.8412286,-2.999998
3818123000000,-0.8,0.22777777777777777,-0.013260993599800328,-1.8407532905437276,0.9996251270049088,3.9999289512634277,1.1545517,-2.9999986
3818236000000,-0.8083333333333333,0.20555555555555555,0.013837380741870535,-1.8909803586892673,0.9853365783549798,4.000485897064209,2.428906,-2.9999974
3818328000000,-0.8083333333333333,0.18888888888888888,0.0405802531145148,-1.9409208924064103,0.9658263890437968,4.000988006591797,1.8905561,-2.999999
3818476000000,-0.8083333333333333,0.16111111111111112,0.06607625615526097,-1.9906584397905118,0.9382073308433655,4.001439094543457,1.8967848,-2.999999
3818520000000,-0.8083333333333333,0.14444444444444443,0.05185398190487768,-2.0403127214454395,0.9074779984830217,4.0018086433410645,2.0272956,-2.9999964
3818627000000,-0.8083333333333333,0.12222222222222222,0.09033447060173296,-2.0899116119537497,0.8749430007456764,4.002096176147461,1.9685221,-2.999999
3818732000000,-0.8083333333333333,0.1,0.10100307689802576,-2.1395488931707085,0.841067252723375,4.002298831939697,1.767951,-2.9999983
3818830000000,-0.8,0.07777777777777778,0.1256659163780024,-2.18909588832393,0.8068272835339824,4.002418041229248,1.0105011,-2.999999
3818924000000,-0.8,0.05555555555555555,0.12095030060731915,-2.238495911460699,0.7751183810313833,4.002443790435791,1.8120143,-2.9999967
3819027000000,-0.8,0.03333333333333333,0.1417503573430742,-2.287742910910551,0.7471523397624634,4.002368927001953,1.8778114,-2.999997
3819132000000,-0.7916666666666666,0.005555555555555556,0.16950131892286416,-2.3371771875309366,0.7176807851809731,4.002241611480713,1.2858256,-2.999995
3819229000000,-0.7833333333333333,-0.016666666666666666,0.1941641584028408,-2.3864527335477046,0.6874228020058177,4.002089023590088,1.6613932,-2.9999983
3819341000000,-0.7666666666666667,-0.03888888888888889,0.20483276469913345,-2.4356290676128958,0.6590973858227587,4.001928329467773,2.428903,-2.9999971
3819431000000,-0.75,-0.06666666666666667,0.20483276469913345,-2.484740806340241,0.629271485329208,4.00176477432251,2.3578868,-2.999911
3819531000000,-0.7333333333333333,-0.08888888888888889,0.21913641960496713,-2.5336756262294573,0.5948220297581857,4.001632213592529,2.626348,-2.9999905
3819637000000,-0.7166666666666667,-0.1111111111111111,0.21913641960496713,-2.5825356172693406,0.556653665871254,4.00153112411499,2.657199,-2.9999845
3819723000000,-0.6916666666666667,-0.1388888888888889,0.23375012250468674,-2.631437779195517,0.5154487638345046,4.001454830169678,2.6897345,-2.9917748
3819836000000,-0.675,-0.16111111111111112,0.24434588796863482,-2.680764048514666,0.4713154732037783,4.001400470733643,2.6468725,-2.9999607
3819932000000,-0.65,-0.18333333333333332,0.24434588796863482,-2.7295275816395095,0.42568572250055947,4.001352310180664,2.795875,-2.9955423
3820039000000,-0.6166666666666667,-0.20555555555555555,0.2592671252967752,-2.7781659624767836,0.3795151284816754,4.00130033493042,2.559845,-2.9305506
3820126000000,-0.5916666666666667,-0.23333333333333334,0.26971601260488287,-2.826628194055456,0.3323257424387763,4.001260757446289,2.811367,-2.084897
3820232000000,-0.5666666666666667,-0.25,0.2800124849497231,-2.8734692414830665,0.28525401017339674,4.001222610473633,2.6494753,-2.950713
3820457000000,-0.5666666666666667,-0.2611111111111111,0.2800124849497231,-2.9520464923742082,0.18873696027578588,4.001446723937988,2.5905757,-2.9999704
3820542000000,-0.4666666666666667,-0.3111111111111111,0.3003428917760332,-2.9873331141717405,0.14016167553470713,4.001657485961914,2.9810977,-0.4486829
3820636000000,-0.43333333333333335,-0.3333333333333333,0.310566322532113,-3.02446594705578,0.09174182546307681,4.001816272735596,2.9260492,0.33749855
3820737000000,-0.4,-0.35,0.2951672353008666,-3.0503185415771075,0.04118802850686798,4.002072811126709,2.055285,0.022253793
3820832000000,-0.36666666666666664,-0.37222222222222223,0.3056889180427938,-3.061287074606622,-0.008048805959500704,4.002547740936279,2.6239038,1.3301557
3820938000000,-0.325,-0.3888888888888889,0.31603254027070377,-3.062097048883777,-0.05392329071007231,4.003180980682373,2.3315659,0.37705207
3821025000000,-0.2916666666666667,-0.40555555555555556,0.32167772452740895,-3.052538312108009,-0.09868623438613047,4.003951549530029,2.426639,0.77203226
3821128000000,-0.25,-0.4166666666666667,0.32167772452740895,-3.0400839784937297,-0.14192522905791574,4.004743576049805,1.3340584,0.38069528
3821239000000,-0.21666666666666667,-0.4388888888888889,0.3319554743521047,-3.0265661990898978,-0.18129797995815966,4.005465984344482,2.3967423,0.6921801
3821332000000,-0.18333333333333332,-0.45,0.3379009029680596,-3.0136856949278177,-0.2162618684399104,4.0061469078063965,1.6517243,0.17913738
3821430000000,-0.14166666666666666,-0.4666666666666667,0.3275098778138416,-3.0011620269865698,-0.25135532215893236,4.0067138671875,2.7214108,0.39371675
3821524000000,-0.10833333333333334,-0.4777777777777778,0.333537415862323,-2.990622082179659,-0.28644972950334935,4.007129669189453,2.5337982,0.02876465
3821630000000,-0.075,-0.49444444444444446,0.333537415862323,-2.9818426524893913,-0.32553924252433436,4.007326602935791,2.6946802,0.07649111
3821727000000,-0.03333333333333333,-0.5055555555555555,0.3228289344341904,-2.9749709613607327,-0.3672985189557053,4.007296562194824,2.7580712,0.5784157
3821832000000,0.0,-0.5166666666666667,0.3440417392452613,-2.9684142267740627,-0.41146761964611045,4.0070366859436035,2.5993814,-0.5069436
3821934000000,0.03333333333333333,-0.5333333333333333,-0.643055572884583,-2.961532878648604,-0.45650102002746606,4.006678104400635,2.6387396,-0.59777135
3822043000000,0.06666666666666667,-0.5444444444444444,-0.632548024191537,-2.9591233488705604,-0.5017784597547452,4.006175994873047,2.5857048,-1.0529764
3822126000000,0.10833333333333334,-0.55,-0.6559582607547387,-2.961749754722538,-0.54680300167437,4.005544662475586,2.5521116,0.8328046
3822235000000,0.14166666666666666,-0.5611111111111111,-0.6290165158209833,-2.966054288724088,-0.5922455461829936,4.004753112792969,2.6669285,-0.27958027
3822340000000,0.175,-0.5722222222222222,-0.6519034125799537,-2.964429749638232,-0.6373179567681106,4.004007339477539,2.6860616,0.47147822
3822436000000,0.21666666666666667,-0.5777777777777777,-0.6839674597292962,-2.961928234828765,-0.682233626405574,4.003310203552246,1.6797271,2.6746902
3822531000000,0.25,-0.5833333333333334,-0.719987515050277,-2.9526350435817235,-0.7267915800417262,4.0027031898498535,2.4901054,2.4679804
3822633000000,0.2833333333333333,-0.5833333333333334,-0.7662498774953131,-2.927710072327511,-0.7672701342925737,4.002381801605225,1.7842429,2.9236162
3822740000000,0.31666666666666665,-0.5833333333333334,-0.7986459972455405,-2.890882485822463,-0.8059601571882664,4.0023980140686035,2.0439878,2.9472885
3822827000000,0.35,-0.5777777777777777,-0.8440417392452613,-2.8457765806763238,-0.8416400840973216,4.002686977386475,1.7842208,2.9917989
3822931000000,0.375,-0.5777777777777777,-0.857247723792026,-2.7957076844982676,-0.8759467524478827,4.003108501434326,2.2590837,2.9322429
3823034000000,0.4,-0.5611111111111111,-0.8894374812449822,-2.7432859339977593,-0.9100061993626462,4.003574848175049,1.4796543,2.9939573
3823167000000,0.425,-0.55,0.09033447060173296,-2.6897735292752967,-0.9433941789417828,4.004000186920166,1.2199572,2.9921393
3823220000000,0.44166666666666665,-0.5388888888888889,0.05206555377225218,-2.63571054731457,-0.9733744163474158,4.004336833953857,2.0771701,2.9963222
3823330000000,0.4583333333333333,-0.5222222222222223,0.020529002955495437,-2.581359384402442,-1.0021663538790062,4.004568576812744,0.86214256,2.9950426
3823570000000,0.4666666666666667,-0.5166666666666667,0.0423786092698928,-2.472196141395571,-1.06628885642284,4.004569053649902,0.9180545,2.968903
3823624000000,0.5083333333333333,-0.4666666666666667,-0.029819723994099767,-2.4178039903579154,-1.0986678229023952,4.004334926605225,0.7222813,2.9992955
3823740000000,0.5166666666666667,-0.4444444444444444,-0.05950916714283541,-2.3636372725928325,-1.1237943022702657,4.004029273986816,1.0585749,2.9984555
3823833000000,0.5333333333333333,-0.4166666666666667,-0.06829584066274082,-2.309610165397468,-1.1434940377007532,4.003683567047119,1.0044463,2.9995298
3823936000000,0.5416666666666666,-0.39444444444444443,-0.09867399056133605,-2.2556689775724745,-1.1612991148236398,4.003293037414551,1.1113138,2.999497
3824034000000,0.55,-0.36666666666666664,-0.10836027712948651,-2.201468629367217,-1.1787592851263342,4.002865791320801,0.5292169,2.9998121
3824134000000,0.5583333333333333,-0.34444444444444444,-0.1275776817194232,-2.1472657585270443,-1.1945308928592024,4.002435207366943,0.70084184,2.9998128
3824235000000,0.5583333333333333,-0.3111111111111111,-0.13710096975917987,-2.093217720294982,-1.2074781794503393,4.002026557922363,0.0060862144,2.9995122
3824327000000,0.5583333333333333,-0.2833333333333333,-0.1583336966422621,-2.038633209398148,-1.2175849951571778,4.00162935256958,-0.20257077,2.9995427
3824464000000,0.5666666666666667,-0.2388888888888889,-0.17717106556580942,-1.9848371076088687,-1.2222086186642367,4.00126838684082,-0.9481471,2.9998164
3824526000000,0.5666666666666667,-0.2222222222222222,-0.17036983103392833,-1.9312385132088412,-1.2214538578992131,4.000960350036621,-0.68955207,2.9994924
3824643000000,0.5583333333333333,-0.18888888888888888,-0.18851275676151322,-1.8776813618716628,-1.2148104987105495,4.000718593597412,0.7214607,2.9985507
3824735000000,0.5583333333333333,-0.15,-0.21107393506098396,-1.8241775487405953,-1.2085580337409008,4.000513076782227,-0.5532337,2.9989727
3824831000000,0.5583333333333333,-0.12222222222222222,-0.22115277263675368,-1.7707725950773785,-1.2055151995769788,4.00031042098999,-0.29315498,2.998912
3824955000000,0.55,-0.07222222222222222,-0.2272171956754731,-1.7173130711226103,-1.2006229159327493,4.000114917755127,1.1899815,2.9982035
3825030000000,0.55,-0.05,-0.23080282980050917,-1.6639244733736656,-1.1969167906355667,3.999920129776001,0.25628018,2.9991167
3825130000000,0.5333333333333333,-0.011111111111111112,-0.2462927313564718,-1.61044440705759,-1.199345729859783,3.9996917247772217,2.3237455,2.9961672
3825240000000,0.5333333333333333,0.022222222222222223,-0.2577621168183132,-1.5570598771255995,-1.2086219588899771,3.9994752407073975,0.41846395,2.9995267
3825331000000,0.525,0.05555555555555555,-0.2577621168183132,-1.503699147365534,-1.2256890982149182,3.9992029666900635,1.4819331,2.9990966
3825421000000,0.5083333333333333,0.09444444444444444,-0.26194118002125116,-1.450418290171615,-1.2425387345713288,3.998884439468384,0.70682395,2.9943442
3825534000000,0.49166666666666664,0.13333333333333333,-0.2800124849497231,-1.3971833270862186,-1.259404147293485,3.998567819595337,-0.5838972,2.9965672
3825638000000,0.48333333333333334,0.16666666666666666,-0.2852979520204245,-1.343947640329678,-1.2706929932279596,3.998251438140869,-1.4218774,2.997723
3825731000000,0.4666666666666667,0.20555555555555555,-0.29015458478100775,-1.2908010045130713,-1.2703505913334183,3.9979028701782227,-1.526634,2.9928455
3825836000000,0.45,0.24444444444444444,-0.3003428917760332,-1.2376389048024738,-1.2586597399802812,3.997605800628662,-1.8641396,2.986053
3825937000000,0.43333333333333335,0.2833333333333333,-0.3056889180427938,-1.1844521515159883,-1.2386834315453847,3.9973716735839844,-2.314865,2.9791944
3826026000000,0.4083333333333333,0.3277777777777778,-0.3112130745334871,-1.1315907006404926,-1.2113788656585043,3.997208595275879,-2.3886085,2.9815671
3826134000000,0.39166666666666666,0.36666666666666664,0.7048327646991335,-1.0787368946535,-1.177734396460377,3.997093677520752,-2.8565102,2.9722993
3826235000000,0.36666666666666664,0.40555555555555556,-0.3119165215094773,-1.0260977245129723,-1.138698368872144,3.997009754180908,-2.7757752,2.9826682
3826369000000,0.3416666666666667,0.46111111111111114,0.6994378110323763,-0.9736767988208417,-1.0949440269242068,3.996934413909912,-2.912803,2.9778795
3826436000000,0.325,0.48333333333333334,0.69385764914758,-0.9211350326108414,-1.0486282873101134,3.9968700408935547,-2.8746796,2.9784493
3826652000000,0.30833333333333335,0.49444444444444446,0.69385764914758,-0.8161419373808241,-0.9501160599079009,3.9967024326324463,-2.5058997,1.1918143
3826735000000,0.24166666666666667,0.5944444444444444,0.6695013189228641,-0.7658969906139708,-0.9006954364130036,3.9965622425079346,-2.3783636,2.9604635
3826844000000,0.20833333333333334,0.6277777777777778,0.6900303218783597,-0.7225044902377719,-0.8538080047144136,3.996382236480713,-2.446387,2.9315777
3826933000000,0.18333333333333332,0.6666666666666666,0.6708472360980687,-0.6775935805347895,-0.8088515291223153,3.99615740776062,-2.6207147,2.8917034
3827035000000,0.15,0.7,0.6668706736794519,-0.6299284997834359,-0.7645668818602016,3.995905876159668,-2.1540878,2.9017723
3827163000000,0.10833333333333334,0.7388888888888889,0.6812650269584507,-0.580872321700724,-0.7210187898793118,3.99566388130188,-2.21457,2.853248
3827228000000,0.08333333333333333,0.7666666666666667,0.6541947755912001,-0.5310584258363299,-0.6797409030677254,3.9954328536987305,-1.0983255,2.8058898
3827336000000,0.05,0.8,0.650782604279572,-0.4811627515066062,-0.6427812302799562,3.995208740234375,-2.1255312,2.7901297
3827425000000,0.016666666666666666,0.8277777777777777,0.6645375226560266,-0.4316572523869598,-0.6104318156774445,3.9950063228607178,-0.5721716,2.6185768
3827530000000,-0.025,0.8611111111111112,0.6695013189228641,-0.3830062408514477,-0.5813783182721647,3.9948437213897705,-0.45796654,2.444148
3827664000000,-0.08333333333333333,0.8888888888888888,0.6905824637801316,-0.3361882033954515,-0.5602281646849316,3.994706630706787,0.46885347,1.8624147
3827756000000,-0.125,0.9111111111111111,0.7368656919495729,-0.29160989741452126,-0.5455643409146491,3.994586944580078,-0.028414898,1.389089
3827827000000,-0.14166666666666666,0.9166666666666666,0.9470706478808203,-0.25225933454200955,-0.5387535666250015,3.994485378265381,0.5868306,2.7261832
3827925000000,-0.19166666666666668,0.9333333333333333,-0.06917587849361963,-0.21626128616805138,-0.5367871570692689,3.994372606277466,0.44831616,1.7069567
3828025000000,-0.24166666666666667,0.9444444444444444,-0.03469033846795229,-0.17913289626071113,-0.5392954056031907,3.994292974472046,1.144657,2.5418525
3828125000000,-0.2916666666666667,0.9666666666666667,-0.03469033846795229,-0.1424845073159858,-0.5456888303198324,3.9942243099212646,-1.2638677,-0.1434132
3828254000000,-0.375,0.9666666666666667,-0.028275604220145568,-0.10890837021348101,-0.550883554993169,3.9941654205322266,1.5850364,2.4724793
3828348000000,-0.36666666666666664,0.9833333333333333,-0.5862796224269482,-0.08736136136017829,-0.5475277324616051,3.9941654205322266,-2.8582544,0.43828574
3831945000000,-0.025,0.005555555555555556,-0.4636612452979604,0.16966524243912873,0.7830111912639685,4.008320331573486,0.25011227,2.9994152
3832047000000,-0.025,-0.016666666666666666,-0.4439727658981009,0.13536169536472173,0.6383281464576551,4.005680084228516,2.8959215,2.358502
3832148000000,-0.03333333333333333,-0.022222222222222223,-0.4275577583149224,0.10918955382131983,0.5419418188728968,4.003061771392822,1.2614145,-2.8886943
3832247000000,-0.03333333333333333,-0.03333333333333333,-0.4096655293982669,0.07875144566673621,0.4747897605255858,4.0004119873046875,2.7302446,-0.62036896
3832348000000,-0.025,-0.044444444444444446,-0.3462144945371598,0.02475083649068773,0.43296400329952556,3.9979231357574463,2.117583,2.2946527
3832452000000,-0.016666666666666666,-0.05555555555555555,-0.3066366207627079,-0.025370534961226057,0.3934563795647607,3.9957242012023926,2.014889,2.2968516
3832543000000,-0.016666666666666666,-0.06111111111111111,-0.2610951741772455,-0.04771184250707705,0.3532855165768928,3.993819236755371,2.2420843,-0.404168
3832646000000,-0.008333333333333333,-0.07222222222222222,-0.2328419636736909,-0.04959183561346013,0.31478670314164864,3.992302656173706,2.0413878,2.3948116
3832744000000,0.0,-0.07777777777777778,-0.20888761287391824,-0.048730117281928886,0.27834820050912634,3.991194009780884,1.2357461,2.367783
3832848000000,0.0,-0.07777777777777778,-0.1928224959584592,-0.03661119937475825,0.24352112671997514,3.990490436553955,1.0681403,0.68706715
3832962000000,0.0,-0.08333333333333333,-0.1928224959584592,-0.014571237497846444,0.21453536357491615,3.9901516437530518,2.1120155,-0.047277793
3833049000000,0.008333333333333333,-0.08888888888888889,-0.18066894120346622,0.004858570915110038,0.19026729656846214,3.990086317062378,0.66482365,2.3510063
3833246000000,0.016666666666666666,-0.08888888888888889,-0.18066894120346622,0.019591935250783434,0.13217020078733285,3.9904918670654297,0.80115706,1.7424064
3833352000000,0.008333333333333333,-0.1,-0.16509571608805185,0.022691842012510427,0.1020830967059164,3.990861415863037,2.683496,-2.2233388
3833451000000,0.008333333333333333,-0.1,-0.15289761235323596,0.03167893533869506,0.07590649223886378,3.9912655353546143,1.2730463,0.94810224
3833549000000,0.008333333333333333,-0.1,-0.15289761235323596,0.030392487049067902,0.04547277797844932,3.991701364517212,1.2730463,0.94810224
3833650000000,0.008333333333333333,-0.1,-0.1281624517071636,0.03098689662012585,0.017612078759705538,3.9922468662261963,1.2730463,0.94810224
3833745000000,0.008333333333333333,-0.1,-0.1405839611173107,0.03832853936072418,-0.00742707430257184,3.992830276489258,1.2730463,0.94810224
3833847000000,0.008333333333333333,-0.1,-0.1405839611173107,0.050089496811325504,-0.030903161711003647,3.993401527404785,1.2730463,0.94810224
3833949000000,0.008333333333333333,-0.1,-0.1434156519029538,0.06426020252220811,-0.05352508031087531,3.9939281940460205,1.2730463,0.94810224
3834048000000,0.0,-0.1,-0.1405839611173107,0.07965254509372184,-0.07568223759562463,3.9944140911102295,1.9716561,-1.8478832
3834148000000,0.0,-0.09444444444444444,-0.1281624517071636,0.0927209195493324,-0.09867317105190507,3.9948368072509766,0.6122443,1.0299827
3834245000000,0.0,-0.09444444444444444,-0.1281624517071636,0.09317589735106747,-0.12349126796948177,3.9952142238616943,1.2133633,0.71157813
3834348000000,-0.008333333333333333,-0.09444444444444444,-0.1405839611173107,0.09552811623306577,-0.14423053254160215,3.9955642223358154,1.9269122,-2.1444328
3834452000000,-0.008333333333333333,-0.08888888888888889,-0.1281624517071636,0.09933084817860337,-0.16559268906080926,3.995863676071167,0.51322085,0.73964924
3834549000000,-0.008333333333333333,-0.08333333333333333,-0.1405839611173107,0.09183480280588566,-0.189900553910964,3.996175527572632,0.44873634,0.7380244
3834646000000,-0.016666666666666666,-0.07777777777777778,-0.1281624517071636,0.08655831221625972,-0.20895607235963662,3.99656343460083,1.0674381,-2.2673275
3834756000000,-0.016666666666666666,-0.07777777777777778,-0.1281624517071636,0.08562159709688569,-0.22399170817285072,3.997016429901123,1.0386846,0.30482668
3834850000000,-0.025,-0.07222222222222222,-0.1281624517071636,0.07513211457631422,-0.23983399540606992,3.997493267059326,0.84891826,-2.567714
3834951000000,-0.025,-0.06666666666666667,-0.13075876591134042,0.0638970048979583,-0.2562444753518206,3.997966766357422,0.3713405,0.17908774
3835053000000,-0.025,-0.06111111111111111,-0.13075876591134042,0.04456261233797036,-0.2712740149541312,3.9984233379364014,0.053116918,0.10418051
3835153000000,-0.025,-0.05555555555555555,-0.13075876591134042,0.03010138645534199,-0.28225534084793497,3.9988558292388916,-0.023611914,0.094885096
3835257000000,-0.08333333333333333,-0.044444444444444446,-0.11799616973505699,0.022754711757316963,-0.288841236515622,3.9992525577545166,-0.08965195,-2.9990582
3835350000000,-0.14166666666666666,-0.03333333333333333,-0.09033447060173296,0.017479795800611778,-0.2922227022122854,3.999603748321533,-0.6683111,-2.999868
3835453000000,-0.2,-0.016666666666666666,-0.07756730452033102,-0.002178090532688003,-0.29258479705472556,3.9998958110809326,-1.8922837,-2.999959
3835560000000,-0.25833333333333336,-0.011111111111111112,-0.07756730452033102,-0.03714481270919252,-0.2864117183868982,4.000143527984619,-0.9268647,-2.9999938
3835649000000,-0.30833333333333335,0.0,-0.050821347332231745,-0.08080062826978025,-0.27076358998235717,4.000335693359375,-1.1720264,-2.9999967
3835768000000,-0.36666666666666664,0.011111111111111112,-0.050821347332231745,-0.12869759106347492,-0.25334132104588447,4.000489234924316,-0.6680684,-2.9999986
3835857000000,-0.4166666666666667,0.016666666666666666,-0.037405118482553235,-0.17889470970425417,-0.2356618066408888,4.000598430633545,-0.15525493,-2.999999
3835957000000,-0.4666666666666667,0.022222222222222223,-0.012241179057848543,-0.22982946497356102,-0.22119649042657835,4.000649452209473,0.25711846,-2.9999993
3836057000000,-0.5166666666666667,0.027777777777777776,-0.02401199431362626,-0.2810968531737702,-0.21241771472242016,4.000639915466309,0.7805227,-2.9999993
3836153000000,-0.5666666666666667,0.03333333333333333,0.012010268740674235,-0.3322875195248762,-0.21032227582201918,4.0005903244018555,1.2507883,-2.999999
3836365000000,-0.5833333333333334,0.03888888888888889,0.0,-0.4342906982006978,-0.22434303133495062,4.000405788421631,-1.8749088,-2.9999974
3836463000000,-0.7,0.044444444444444446,0.02313961421923191,-0.4852788669642345,-0.23379795126511063,4.0002760887146,2.399291,-2.9999952
3836554000000,-0.7416666666666667,0.044444444444444446,0.03407206112362091,-0.5361169226614539,-0.23212849139508446,4.000148773193359,2.8609068,-2.9999962
3836657000000,-0.7833333333333333,0.05,0.044601952171233465,-0.5869084728288051,-0.24213073358887732,4.000045299530029,2.8646255,-2.9999952
3836765000000,-0.8,0.05,0.05185398190487768,-0.6373183869403528,-0.2697433755463389,3.9999537467956543,2.8648882,-2.9999995
3836852000000,-0.8166666666666667,0.05555555555555555,-0.9556565211285579,-0.6875975433655991,-0.30779841637502803,3.9998748302459717,2.7831922,-2.9999995
3836951000000,-0.8416666666666667,0.06111111111111111,-0.939551866322161,-0.7376757832387132,-0.3512346675634229,3.99979829788208,2.9444187,-2.9999993
3837034000000,-0.85,0.06666666666666667,-0.9844757663633736,-0.7876553307688604,-0.39754362444263147,3.999737024307251,2.6137047,-2.9999995
3837143000000,-0.8666666666666667,0.06666666666666667,-0.9697076556232637,-0.8375404932810161,-0.4451308942295518,3.999681234359741,2.9063811,-2.9999995
3839749000000,0.06666666666666667,0.005555555555555556,-0.24456981331021505,-0.2234978786628439,0.411740847312857,4.008570671081543,0.22949505,2.9997914
3839849000000,0.06666666666666667,0.0,-0.24936392628104834,-0.14151843618595386,0.33705801542858915,4.006801128387451,1.4265575,1.264827
3839946000000,0.06666666666666667,-0.005555555555555556,-0.22094627904283817,-0.08627402785537945,0.2764634083159553,4.0049285888671875,1.5282508,1.1849976
3840050000000,0.06666666666666667,-0.005555555555555556,-0.19667141987408,-0.06108476598506768,0.22617731993080403,4.003119945526123,0.5456191,1.7840445
3840147000000,0.06666666666666667,-0.005555555555555556,-0.1405839611173107,-0.05251129064129097,0.1849315919185043,4.001438617706299,0.5456191,1.7840445
3840256000000,0.075,-0.005555555555555556,-0.10100307689802576,-0.042425483841548116,0.15583411239329323,3.9999663829803467,-0.048462074,2.887633
3840348000000,0.075,-0.005555555555555556,-0.06345103486110698,-0.02488031716514182,0.13703775174017432,3.9986937046051025,0.6222987,1.8935711
3840453000000,0.075,-0.005555555555555556,-0.038151448471672386,0.001851261907481365,0.12534833545625665,3.9976353645324707,0.6222987,1.8935711
3840553000000,0.075,-0.011111111111111112,0.012481141267504686,0.031049286384635912,0.11606245773424408,3.996802806854248,1.5747432,1.2760997
3840649000000,0.075,-0.011111111111111112,0.012481141267504686,0.05928013992370599,0.10562005319427133,3.9961953163146973,0.6308708,1.8542533
3840751000000,0.06666666666666667,-0.011111111111111112,0.025451222695983548,0.08488680518908456,0.09186446381368525,3.9957213401794434,1.1582367,0.35490638
3840858000000,0.06666666666666667,-0.016666666666666666,0.038151448471672386,0.10959392782950135,0.07854148936637224,3.995354175567627,1.5522485,1.1047432
3840943000000,0.06666666666666667,-0.016666666666666666,0.038151448471672386,0.12815104580857045,0.06352699118882335,3.9950649738311768,0.6004056,1.7108958
3841046000000,0.058333333333333334,-0.016666666666666666,0.050821347332231745,0.14571286337466996,0.04661002242776223,3.994863986968994,1.154594,0.097103074
3841144000000,0.05,-0.016666666666666666,0.050821347332231745,0.16531226101535038,0.03151478237703112,3.9947266578674316,1.0317776,-0.45875067
3841248000000,0.05,-0.016666666666666666,0.06473713366173084,0.17792869628127372,0.015882483250126506,3.994671106338501,0.47090888,1.482224
3841358000000,0.041666666666666664,-0.016666666666666666,0.06345103486110698,0.18394493648331103,0.0010722068937691525,3.994666814804077,0.922154,-0.6003579
3841449000000,0.03333333333333333,-0.016666666666666666,0.06345103486110698,0.19350400594138953,-0.01143177311032403,3.9947030544281006,0.6767602,-1.6579953
3841549000000,0.025,-0.016666666666666666,0.07603081569589926,0.1968863217885229,-0.02397318030262943,3.9947845935821533,0.5361714,-1.8436675
3841649000000,0.016666666666666666,-0.016666666666666666,0.07756730452033102,0.18737044684742857,-0.03569794561689346,3.994908332824707,0.41036558,-1.9776345
3841755000000,0.008333333333333333,-0.016666666666666666,0.06473713366173084,0.16737170824634154,-0.04595794497220513,3.995074510574341,0.2499078,-2.200269
3841972000000,0.016666666666666666,-0.016666666666666666,0.07756730452033102,0.11033142015736008,-0.06271437818535695,3.9954833984375,-0.19771987,1.8763808
3842046000000,0.0,-0.011111111111111112,0.07916684832113105,0.0801100098438209,-0.06975384501064623,3.9956986904144287,-1.7014629,-2.8751483
3842147000000,-0.008333333333333333,-0.011111111111111112,0.07756730452033102,0.061975312750716445,-0.06959087685819361,3.9958925247192383,-0.3932688,-2.6395938
3842250000000,-0.008333333333333333,-0.011111111111111112,0.07603081569589926,0.038109416160611996,-0.060105165669867136,3.9960997104644775,-0.13363701,0.42136887
3842357000000,-0.03333333333333333,-0.011111111111111112,0.07916684832113105,0.008579790931547862,-0.05111876880700746,3.9962987899780273,-1.5891073,-2.9696085
3842453000000,-0.09166666666666666,-0.016666666666666666,0.07756730452033102,-0.012382249644470145,-0.04264399659858441,3.9964916706085205,-0.10052657,-2.988597
3842556000000,-0.15,-0.022222222222222223,0.07756730452033102,-0.0398389903049252,-0.029848673923770577,3.996669054031372,0.28211275,-2.9976897
3842651000000,-0.20833333333333334,-0.027777777777777776,0.09219049966485406,-0.07730898956322595,-0.02144914584304473,3.9968390464782715,0.06941931,-2.999741
3842749000000,-0.26666666666666666,-0.027777777777777776,0.08855122660357055,-0.12093270481946465,-0.01854260646099809,3.9969747066497803,-0.7263576,-2.9999871
3842849000000,-0.31666666666666665,-0.03333333333333333,0.11564123680544501,-0.16798138412956248,-0.016547951687102685,3.9970827102661133,-1.2554238,-2.9999824
3842954000000,-0.375,-0.03888888888888889,0.08683659496407646,-0.21653408425731535,-0.009882414649733672,3.997161388397217,-1.2619517,-2.9999907
3843056000000,-0.425,-0.044444444444444446,0.0990547439683095,-0.2658523298691765,0.0025563230940817997,3.9972267150878906,-0.92859954,-2.9999938
3843156000000,-0.4666666666666667,-0.05,0.11119977557157042,-0.3153563045622163,0.01836013780786917,3.9972734451293945,-0.387538,-2.9999955
3843238000000,-0.5,-0.05555555555555555,0.11872124888891906,-0.3649720088063979,0.0334580801414442,3.9973082542419434,0.5120551,-2.9999948
3843355000000,-0.5583333333333333,-0.06666666666666667,0.11657196680368428,-0.4143936511798335,0.0428039284618497,3.9973337650299072,1.968156,-2.9999936
3843460000000,-0.6083333333333333,-0.07777777777777778,0.10513691342250679,-0.46378761223403114,0.04252523056016265,3.997352123260498,2.549212,-2.9999924
3843550000000,-0.65,-0.08333333333333333,0.1032589844377458,-0.512838336757293,0.027572736484185453,3.9973504543304443,2.5483367,-2.9999967
3843658000000,-0.6916666666666667,-0.08888888888888889,0.11249635172664227,-0.5618113829834561,-0.00036649748423478446,3.9973361492156982,2.630753,-2.9999962
3843755000000,-0.725,-0.09444444444444444,0.09969585127662649,-0.6104977539046259,-0.03607947022329527,3.9973132610321045,2.702298,-2.9999952
3843860000000,-0.7666666666666667,-0.1,0.06676673286105025,-0.6591176781863729,-0.07665709052350872,3.9972877502441406,2.655199,-2.9999957
3843950000000,-0.7916666666666666,-0.1,0.0,-0.7076231172053181,-0.12014826430885577,3.997258186340332,2.8390834,-2.9999986
3844064000000,-0.8083333333333333,-0.09444444444444444,-0.9697076556232637,-0.7561604886357253,-0.1652738129150762,3.99723219871521,2.8019793,-2.9999995
3844145000000,-0.825,-0.09444444444444444,0.970411102599254,-0.8046799144623781,-0.2120645769329784,3.9972245693206787,2.8869822,-2.999999
3844247000000,-0.8333333333333334,-0.08888888888888889,-0.9697076556232637,-0.8531149056125646,-0.2599472629352966,3.997283935546875,2.6928759,-2.9999995
3844347000000,-0.85,-0.07777777777777778,-0.9689699737142968,-0.9015142509180573,-0.3082607782562194,3.997380018234253,2.608182,-2.9999995
3846554000000,0.016666666666666666,0.03333333333333333,-0.4636612452979604,-0.7508909600876205,0.4713527966143422,4.013944625854492,-2.6147823,2.9973292
3846649000000,0.03333333333333333,0.027777777777777776,-0.4625948815174466,-0.6159123107307056,0.41888999058960724,4.013031959533691,-0.24340054,2.992508
3846755000000,0.05,0.016666666666666666,-0.4356355944996426,-0.520827358251891,0.3744149494762417,4.011717796325684,-0.6763993,2.9959118
3846857000000,0.06666666666666667,0.011111111111111112,-0.41742880032030544,-0.46085343290107694,0.3255153219291157,4.0101118087768555,-0.6920137,2.9918127
3846956000000,0.075,0.011111111111111112,-0.3814468577278147,-0.4215156210722716,0.27609983315223735,4.008341312408447,0.011751257,2.9298291
3847142000000,0.08333333333333333,0.0,-0.36372473635675107,-0.34619806353991994,0.21904380458476005,4.004777431488037,0.6186613,2.5603335
3847260000000,0.1,0.005555555555555556,-0.2610951741772455,-0.3059379543717712,0.20537527150754134,4.003121852874756,-0.7616084,2.9845867
3847358000000,0.10833333333333334,0.005555555555555556,-0.23994789387741866,-0.2665544844959339,0.1928830917209757,4.001649379730225,-0.114831,2.9302697
3847451000000,0.11666666666666667,0.005555555555555556,-0.2284005024398163,-0.224858462155792,0.1868427732699234,4.000349044799805,-0.26110452,2.9455364
3847561000000,0.125,0.0,-0.21669387229624687,-0.1810346359896621,0.1835578075186672,3.999206304550171,-0.42403573,2.90422
3847652000000,0.125,0.0,-0.1928224959584592,-0.13567571495184239,0.18276742813537364,3.9982192516326904,0.7959708,2.4120207
3847749000000,0.125,-0.005555555555555556,-0.18554715815548456,-0.09003392489892505,0.18236180808428898,3.997375011444092,1.1577784,2.0728326
3847853000000,0.125,-0.005555555555555556,-0.18554715815548456,-0.04724609462951144,0.17590161007794383,3.9966518878936768,0.7744809,2.3898125
3847954000000,0.13333333333333333,-0.011111111111111112,-0.16193573553376378,-0.007829992647890067,0.16428863102546754,3.9960784912109375,-0.70038897,2.913259
3848050000000,0.13333333333333333,-0.011111111111111112,-0.16193573553376378,0.031723660023316655,0.15399173568102725,3.9956419467926025,0.7247163,2.42969
3848143000000,0.125,-0.016666666666666666,-0.16193573553376378,0.07395674404586061,0.1494648440424665,3.9953243732452393,1.728339,1.7606639
3848257000000,0.125,-0.016666666666666666,-0.15889197165761762,0.1150143827652257,0.14055064218635374,3.9951224327087402,0.7462881,2.3491857
3848354000000,0.11666666666666667,-0.022222222222222223,-0.15289761235323596,0.1522293377005954,0.12477538302983075,3.9950244426727295,1.8077977,1.5664434
3848461000000,0.10833333333333334,-0.022222222222222223,-0.15889197165761762,0.18829217025661465,0.10732121664683394,3.995012044906616,1.359802,1.9461107
3848556000000,0.1,-0.022222222222222223,-0.16193573553376378,0.22133817214302898,0.08553331290406273,3.995072364807129,1.4591784,1.7187091
3848648000000,0.09166666666666666,-0.027777777777777776,-0.14995259200884226,0.25333317953385004,0.0625398521499915,3.995194673538208,1.9404008,0.78441286
3848748000000,0.09166666666666666,-0.027777777777777776,-0.15289761235323596,0.2829708274399441,0.03781344494135278,3.9953389167785645,0.7736176,1.9603297
3848852000000,0.075,-0.027777777777777776,-0.14995259200884226,0.3083013859428628,0.012024444606618575,3.995511531829834,1.8755276,-0.88802016
3848947000000,0.06666666666666667,-0.027777777777777776,-0.15289761235323596,0.33204184186953645,-0.011003679694800221,3.9956986904144287,1.4061042,0.5919174
3849046000000,0.058333333333333334,-0.027777777777777776,-0.15289761235323596,0.3445675942535777,-0.03585499640050461,3.995911121368408,1.3275781,0.22460519
3849153000000,0.05,-0.027777777777777776,-0.1405839611173107,0.35335415541182713,-0.06023679242058535,3.996119499206543,1.2361155,-0.0103676785
3849246000000,0.03333333333333333,-0.027777777777777776,-0.15289761235323596,0.35961908872407866,-0.08345969383145524,3.9963157176971436,0.9913679,-2.4487803
3849353000000,0.025,-0.022222222222222223,-0.15595826075473854,0.3596708164102883,-0.10508231463864494,3.996486186981201,0.1401374,-0.99782753
3849449000000,0.008333333333333333,-0.022222222222222223,-0.1434156519029538,0.3455918547241717,-0.1228063031680926,3.996657609939575,0.2620717,-2.7803698
3849554000000,0.0,-0.022222222222222223,-0.15595826075473854,0.32526526343411627,-0.13433416934623152,3.9968526363372803,0.2784325,-2.3950672
3849652000000,-0.008333333333333333,-0.016666666666666666,-0.15595826075473854,0.29497082936233954,-0.1424582648984213,3.9970626831054688,-1.2206863,-2.6249297
3849756000000,-0.025,-0.016666666666666666,-0.15595826075473854,0.25868364658661075,-0.14579865921380294,3.997257947921753,-0.32288104,-2.9289653
3849851000000,-0.025,-0.011111111111111112,-0.15595826075473854,0.2179266338879885,-0.14116439040011086,3.99746036529541,-0.8594849,-0.16264883
3849953000000,-0.03333333333333333,-0.011111111111111112,-0.15595826075473854,0.17688361612384848,-0.13397663316033412,3.9976906776428223,-0.9058639,-2.858593
3850050000000,-0.041666666666666664,-0.005555555555555556,-0.1434156519029538,0.14559962489366582,-0.12349346526953801,3.997925043106079,-2.1804485,-2.8960557
3850242000000,-0.03333333333333333,-0.005555555555555556,-0.1434156519029538,0.07017579349124413,-0.09666040494145164,3.99835467338562,-0.53413785,0.8587277
3850352000000,-0.05,0.0,-0.15595826075473854,0.031680101999254945,-0.08279614170824394,3.99853253364563,-2.1983507,-2.9735827
3850450000000,-0.05,0.0,-0.15595826075473854,0.009054624716508038,-0.06764406844424374,3.998692035675049,-0.80530083,-0.6479049
3850553000000,-0.058333333333333334,0.0,-0.15595826075473854,-0.015517146116981568,-0.04666559137611787,3.998833179473877,-1.8371648,-2.9333172
3850656000000,-0.05,0.005555555555555556,-0.1434156519029538,-0.039299776078230673,-0.025516368777708395,3.998974561691284,-1.0836413,0.82811534
3850756000000,-0.05,0.0,-0.16837853389236226,-0.06778641142395547,-0.0021181343652058016,3.999082088470459,1.43538,-0.6633303
